0.853712,0.00957463,0.000784806,0.000784806,0,0,0.000156961,0,0,0,0.000156961,0,0,0,0,0,0,0,0.000470884,0.134359,
0.165511,0.824561,0.00788794,0.000679995,0.000135999,0,0,0,0,0,0.000135999,0.000135999,0,0,0,0,0,0.000135999,0.000271998,0.000543996,
0.000811469,0.108466,0.877468,0.012713,0,0,0,0,0,0,0,0,0,0,0,0,0,0,0,0.000540979,
0,0.000901984,0.122219,0.866506,0.00992183,0.000150331,0.000150331,0,0,0,0,0,0,0,0,0,0,0,0,0.000150331,
0,0,0.000375893,0.159629,0.831475,0.00801904,0.000375893,0,0,0,0,0.000125298,0,0,0,0,0,0,0,0,
0,0,0.000164042,0.000164042,0.085958,0.901575,0.0114829,0.000328084,0.000164042,0,0.000164042,0,0,0,0,0,0,0,0,0,
0,0,0.000247443,0,0.000164962,0.150363,0.842379,0.00635104,0.000329924,8.2481e-05,0,8.2481e-05,0,0,0,0,0,0,0,0,
0,0,0,0,9.43663e-05,0.000188733,0.0714353,0.916203,0.0116071,0.000188733,0.000283099,0,0,0,0,0,0,0,0,0,
0,0,0,0,0,0,4.54814e-05,0.0872561,0.906558,0.00607177,4.54814e-05,0,2.27407e-05,0,0,0,0,0,0,0,
0,0,4.41156e-06,0,0,0,0,3.52925e-05,0.169108,0.828725,0.0020999,1.32347e-05,4.41156e-06,8.82313e-06,0,0,0,0,0,0,
0,1.20042e-05,0,0,0,0,0,2.40085e-05,3.60127e-05,0.160605,0.837475,0.00176462,4.80169e-05,1.20042e-05,2.40085e-05,0,0,0,0,0,
0,0,0,0,1.29956e-06,0,0,0,5.19822e-06,1.55947e-05,0.710567,0.288725,0.000665372,1.1696e-05,2.59911e-06,1.29956e-06,3.89867e-06,1.29956e-06,0,0,
0,0,0,0,1.45847e-05,0,0,0,1.45847e-05,4.37541e-05,0.000204186,0.355312,0.640108,0.00415664,0.000102093,2.91694e-05,0,0,1.45847e-05,0,
0,0,0,0,3.15517e-05,3.15517e-05,3.15517e-05,0,6.31034e-05,3.15517e-05,6.31034e-05,0.000283965,0.145927,0.845681,0.00754086,0.000157759,0.000126207,3.15517e-05,0,0,
0,7.93242e-05,0,0,3.96621e-05,0,0,0,7.93242e-05,0,7.93242e-05,0.000158648,0.000158648,0.123984,0.866616,0.00856701,0.000158648,0,7.93242e-05,0,
0,0,0,0,0,0,0,0,5.1143e-05,0,5.1143e-05,0.000102286,0.000255715,0.000920575,0.116555,0.872142,0.00941032,0.000358001,0.000102286,5.1143e-05,
0.000134336,0,0,6.71682e-05,6.71682e-05,0,0,0,0,6.71682e-05,0,6.71682e-05,0,0.000134336,0.000470177,0.119761,0.869022,0.00987372,0.000201505,0.000134336,
0.00027533,9.17768e-05,0,0,0,0,9.17768e-05,9.17768e-05,9.17768e-05,0,0,0,0,0,0.000183554,0.00100954,0.125275,0.863436,0.00890235,0.000550661,
0,0,0,0,0,0,0,0,0,0,0,0,0,0.000670241,0,0,0.000335121,0.114946,0.872989,0.011059,
0.0117198,0,0,0,0,0,0,0,0,0,0.000272554,0,0.000272554,0,0.000272554,0,0,0.000272554,0.0883074,0.898883,


0.882976,0.012811,0,0,0,0,0,0,0,0,0,0,0,0,0,0,0,0,0.000739098,0.103474,
0.105914,0.881241,0.0123606,0,0.000242365,0,0,0,0,0,0,0,0,0,0,0,0,0,0,0.000242365,
0.000516173,0.137646,0.849621,0.0115279,0.000172058,0,0,0,0,0,0.000344116,0,0,0,0,0,0,0,0,0.000172058,
0,0.000401445,0.08611,0.899237,0.0136491,0.000200723,0,0.000200723,0,0,0,0,0,0,0,0,0,0,0.000200723,0,
0,0,0.000347524,0.117463,0.87298,0.00903562,0.000173762,0,0,0,0,0,0,0,0,0,0,0,0,0,
0,0,0,0.000494968,0.0796898,0.905626,0.0138591,0.000164989,0,0.000164989,0,0,0,0,0,0,0,0,0,0,
0,0,0,0,0.000124797,0.117559,0.873081,0.0089854,0.000124797,0,0.000124797,0,0,0,0,0,0,0,0,0,
0,0,0,0,0,0.000192883,0.0613367,0.924969,0.0132125,0.000289324,0,0,0,0,0,0,0,0,0,0,
0,0,0,0,0,0,7.44676e-05,0.0711165,0.919699,0.00908504,2.48225e-05,0,0,0,0,0,0,0,0,0,
0,0,0,0,0,0,0,3.37539e-05,0.0954053,0.90111,0.00343445,8.43846e-06,8.43846e-06,0,0,0,0,0,0,0,
0,0,8.9168e-07,8.9168e-07,0,0,8.9168e-07,3.56672e-06,8.02512e-06,0.430036,0.568885,0.00105218,7.13344e-06,8.9168e-07,1.78336e-06,1.78336e-06,0,8.9168e-07,0,0,
0,0,0,0,0,0,0,0,0,0,0.246777,0.748388,0.00470051,0,0,6.71501e-05,6.71501e-05,0,0,0,
0,0,0,0,0,0,0,0,0,0,0.000223414,0.17672,0.816577,0.00603217,0.000223414,0.000223414,0,0,0,0,
0,0,0,0,0,0,0,0,0.000246609,0,0,0.000246609,0.108261,0.880641,0.010111,0,0.000246609,0.000246609,0,0,
0,0,0,0,0,0,0,0,0,0,0,0,0.000332889,0.102863,0.888482,0.00798935,0.000332889,0,0,0,
0,0,0,0,0,0,0,0,0,0,0,0.000712758,0,0.000712758,0.0951532,0.891304,0.0121169,0,0,0,
0,0,0,0,0,0,0,0,0,0,0,0,0.000326371,0,0.000652742,0.104765,0.882833,0.011423,0,0,
0,0,0,0,0,0,0,0,0,0,0,0,0,0,0,0.00034965,0.0937063,0.893007,0.0129371,0,
0.000116659,0.000116659,0.000116659,0,0,0,0,0,0,0,0,0,0,0.000116659,0,0,0.000699953,0.139174,0.84811,0.0115492,
0.0151473,0.00056101,0,0,0,0,0,0,0,0,0.000280505,0,0,0,0,0,0,0.000280505,0.0953717,0.888359,


0.893314,0.0132743,0,0.000245821,0,0,0,0,0,0,0,0,0,0,0,0,0,0.000491642,0.000245821,0.0924287,
0.101037,0.885218,0.0127803,0,0,0,0,0,0,0,0.000241138,0,0,0.000241138,0,0,0,0,0.000241138,0.000241138,
0.000270197,0.0848419,0.900297,0.0140503,0.000270197,0,0,0,0,0,0,0,0,0,0,0,0,0,0.000270197,0,
0,0.000603622,0.0800805,0.905231,0.0140845,0,0,0,0,0,0,0,0,0,0,0,0,0,0,0,
0,0,0.000187196,0.102209,0.886185,0.0108574,0.000561587,0,0,0,0,0,0,0,0,0,0,0,0,0,
0,0,0,0.000493097,0.0759369,0.907627,0.0159435,0,0,0,0,0,0,0,0,0,0,0,0,0,
0,0,0,0,0.000376601,0.0995481,0.888526,0.0110469,0.000376601,0.000125534,0,0,0,0,0,0,0,0,0,0,
0,0,0,9.57121e-05,0,0.000191424,0.0557044,0.926876,0.0168453,0.000287136,0,0,0,0,0,0,0,0,0,0,
0,0,0,0,0,0,2.48453e-05,0.0684986,0.921439,0.00993813,9.93814e-05,0,0,0,0,0,0,0,0,0,
0,0,0,0,0,0,0,2.53618e-05,0.0852073,0.910371,0.0043876,0,0,8.45394e-06,0,0,0,0,0,0,
1.1955e-05,1.1955e-05,0,0,0,0,0,1.1955e-05,2.391e-05,0.132653,0.864227,0.00301266,1.1955e-05,0,0,0,0,0,2.391e-05,1.1955e-05,
0,6.73129e-05,0,0,0,0,0,0,0,6.73129e-05,0.2222,0.772281,0.00531772,0,6.73129e-05,0,0,0,0,0,
0,0,0,0,0,0,0,0,0,0,0.000444346,0.157298,0.831371,0.01022,0.000444346,0.000222173,0,0,0,0,
0,0,0,0,0,0,0,0,0,0,0,0.000591191,0.0945906,0.889447,0.0147798,0.000591191,0,0,0,0,
0,0,0,0,0,0,0,0,0,0,0,0,0,0.0998994,0.888703,0.0110627,0,0,0,0.000335233,
0,0,0,0,0,0,0,0,0,0,0,0.000347343,0,0,0.0892671,0.898229,0.012157,0,0,0,
0,0,0,0,0,0,0,0,0,0,0,0,0.000381971,0,0,0.0954927,0.891902,0.0110772,0.000763942,0.000381971,
0,0,0,0,0,0,0,0,0,0,0,0,0,0,0,0,0.0801919,0.904729,0.0150788,0,
0,0,0,0,0,0,0,0,0,0,0,0,0,0,0,0,0.000661376,0.106812,0.877976,0.0145503,
0.0136135,0,0,0,0,0,0,0,0,0,0,0,0,0,0,0,0,0.000295946,0.0784256,0.907665,


0.909023,0.0150376,0,0.000250627,0,0,0,0,0,0,0,0,0,0,0,0,0,0,0,0.0756892,
0.0982079,0.88626,0.0143369,0.000716846,0,0,0,0,0,0,0,0,0,0,0,0,0.000238949,0,0,0.000238949,
0.000543478,0.0875,0.896196,0.0149457,0.000271739,0,0,0,0,0,0,0,0,0,0,0,0,0,0,0.000543478,
0.000604961,0.000201654,0.0766283,0.906836,0.0153257,0.000201654,0,0,0,0,0,0,0,0,0,0,0,0,0.000201654,0,
0,0,0,0.101648,0.888095,0.0102564,0,0,0,0,0,0,0,0,0,0,0,0,0,0,
0,0,0,0,0.0694943,0.915661,0.0143556,0.000489396,0,0,0,0,0,0,0,0,0,0,0,0,
0,0,0,0,0.000125628,0.0918342,0.897739,0.0100503,0.000251256,0,0,0,0,0,0,0,0,0,0,0,
0,0,0,0,9.41531e-05,0.000188306,0.0542322,0.925713,0.0195838,9.41531e-05,9.41531e-05,0,0,0,0,0,0,0,0,0,
0,0,0,0,0,0,7.23694e-05,0.0638298,0.921986,0.0140397,4.82462e-05,2.41231e-05,0,0,0,0,0,0,0,0,
0,0,0,0,0,8.46081e-06,8.46081e-06,5.07649e-05,0.0771964,0.916365,0.00636253,8.46081e-06,0,0,0,0,0,0,0,0,
0,0,0,1.19629e-05,0,0,0,1.19629e-05,2.39257e-05,0.120705,0.874916,0.00428271,1.19629e-05,2.39257e-05,0,0,0,0,0,1.19629e-05,
6.78979e-05,0,0,0,0,6.78979e-05,6.78979e-05,0,0,0,0.202539,0.790331,0.00685769,6.78979e-05,0,0,0,0,0,0,
0,0,0,0.000226501,0,0,0,0,0,0,0.000679502,0.136353,0.853454,0.00860702,0.000226501,0.000453001,0,0,0,0,
0,0,0,0,0,0,0,0,0,0,0.000307125,0.000921376,0.0841523,0.900491,0.0138206,0.000307125,0,0,0,0,
0,0,0,0,0,0,0,0,0,0,0,0,0.000977836,0.0941982,0.890808,0.0140156,0,0,0,0,
0,0,0,0,0,0,0,0,0,0,0.000369549,0,0,0,0.078714,0.9102,0.00997783,0.000739098,0,0,
0,0,0,0,0,0,0,0,0,0,0,0,0.000365364,0.000365364,0.000365364,0.0891487,0.898064,0.0113263,0.000365364,0,
0.000339674,0,0,0,0,0,0,0,0,0,0,0,0,0,0,0.000339674,0.0872962,0.898438,0.013587,0,
0.00066778,0,0,0,0,0,0,0,0,0,0,0,0,0,0,0,0.00033389,0.0981636,0.888147,0.0126878,
0.0149168,0.000286862,0.000286862,0,0,0,0,0,0,0,0,0,0,0,0,0,0,0,0.0740103,0.910499,


0.909771,0.0156815,0.000482509,0,0,0,0,0,0,0,0,0,0,0.000241255,0,0,0,0,0.000241255,0.0735826,
0.0836312,0.89969,0.015249,0.000714796,0,0.000238265,0,0,0,0,0.000476531,0,0,0,0,0,0,0,0,0,
0,0.0697036,0.908342,0.0205818,0.00109769,0,0.000274424,0,0,0,0,0,0,0,0,0,0,0,0,0,
0.000206398,0.000619195,0.0697626,0.911662,0.0171311,0.000206398,0.000206398,0,0,0,0.000206398,0,0,0,0,0,0,0,0,0,
0,0.000184094,0.000184094,0.0833947,0.898748,0.0173049,0.000184094,0,0,0,0,0,0,0,0,0,0,0,0,0,
0,0,0,0.000659957,0.0570863,0.9213,0.0206237,0.000164989,0.000164989,0,0,0,0,0,0,0,0,0,0,0,
0,0,0,0.00012566,0.00012566,0.0806735,0.908394,0.0105554,0.00012566,0,0,0,0,0,0,0,0,0,0,0,
0,0,9.3188e-05,0,0.000186376,0.000372752,0.0478986,0.927593,0.023297,0.000372752,0.000186376,0,0,0,0,0,0,0,0,0,
0,0,0,0,0,0,4.98343e-05,0.0598012,0.922483,0.0176164,4.98343e-05,0,0,0,0,0,0,0,0,0,
0,0,0,0,0,0,0,0,0.0669784,0.92454,0.00847358,8.43982e-06,0,0,0,0,0,0,0,0,
0,2.3874e-05,2.3874e-05,0,0,0,1.1937e-05,1.1937e-05,2.3874e-05,0.106932,0.887553,0.0053836,1.1937e-05,0,0,0,0,0,1.1937e-05,1.1937e-05,
0,0,0,0,0,0,0,0,0,0.000134744,0.184195,0.808731,0.00687193,6.73718e-05,0,0,0,0,0,0,
0,0,0,0,0,0,0,0,0,0,0,0.135322,0.853995,0.0104607,0.000222568,0,0,0,0,0,
0,0,0,0,0,0,0,0,0,0,0.000317058,0.000317058,0.077045,0.904883,0.0174382,0,0,0,0,0,
0,0,0,0,0,0,0,0,0,0,0,0.000338181,0,0.0831924,0.900913,0.0148799,0.000338181,0.000338181,0,0,
0,0,0,0,0.000367242,0,0,0,0,0,0,0,0,0.000367242,0.0774881,0.905619,0.0150569,0.00110173,0,0,
0,0,0,0.000376364,0,0,0,0,0,0,0,0,0,0,0,0.0816711,0.896123,0.0207,0.000752729,0.000376364,
0.000344828,0,0,0,0,0,0,0,0,0,0.000344828,0,0,0,0,0,0.0727586,0.908621,0.017931,0,
0.000334672,0,0,0,0,0,0,0,0,0,0.000669344,0,0,0,0,0,0.000669344,0.0900268,0.888889,0.019411,
0.0208635,0.000579542,0.000289771,0,0,0,0,0,0,0,0,0,0,0,0,0,0.000289771,0.000579542,0.0640394,0.913358,


0.915158,0.0205904,0.000496155,0.000248077,0,0,0,0,0,0,0,0,0,0,0,0,0.000248077,0,0,0.0632597,
0.0794686,0.90314,0.015942,0.000483092,0.000241546,0,0,0,0,0,0.000241546,0,0,0,0,0,0,0.000241546,0,0.000241546,
0.000274801,0.0722726,0.900797,0.0261061,0.000274801,0,0,0,0,0,0.000274801,0,0,0,0,0,0,0,0,0,
0.000189179,0.000756716,0.0550511,0.923383,0.0194854,0.000756716,0,0.000189179,0,0,0,0,0.000189179,0,0,0,0,0,0,0,
0,0,0.000559597,0.0790897,0.905428,0.0149226,0,0,0,0,0,0,0,0,0,0,0,0,0,0,
0,0,0.000166196,0,0.0576699,0.919063,0.0219378,0.000498587,0.000332392,0,0.000166196,0,0,0,0,0,0,0,0,0.000166196,
0,0,0,0.000123839,0.000247678,0.0757895,0.908731,0.0147368,0.000247678,0,0,0,0,0,0,0.000123839,0,0,0,0,
0,0,0,0,0,0.000189934,0.0433048,0.929155,0.0269706,0.0002849,0,0,9.49668e-05,0,0,0,0,0,0,0,
0,0,0,0,0,0,2.43321e-05,0.0580564,0.92041,0.0214366,7.29963e-05,0,0,0,0,0,0,0,0,0,
0,0,0,0,0,0,8.49192e-06,8.49192e-06,0.059418,0.929364,0.0111754,1.69838e-05,8.49192e-06,0,0,0,0,0,0,0,
0,1.18694e-05,0,0,0,0,0,1.18694e-05,1.18694e-05,0.0970564,0.895774,0.00710979,1.18694e-05,0,1.18694e-05,0,0,0,0,0,
0,0,0,0,0,0,0,0,6.72179e-05,0,0.167171,0.821671,0.0110909,0,0,0,0,0,0,0,
0,0,0,0,0,0,0,0,0,0,0.000227376,0.111414,0.873124,0.0150068,0,0.000227376,0,0,0,0,
0.00030581,0,0,0,0,0,0,0,0,0.00030581,0,0.000917431,0.0715596,0.910398,0.016208,0.00030581,0,0,0,0,
0,0,0,0,0,0,0,0,0,0,0,0,0.00034153,0.0744536,0.90403,0.0208333,0.00034153,0,0,0,
0,0,0,0,0.000348189,0,0,0,0,0,0,0,0,0.000348189,0.0647632,0.916086,0.0177577,0.000696379,0,0,
0,0,0,0,0,0,0,0,0,0,0.000378072,0,0,0,0.000378072,0.0703214,0.908885,0.0196597,0.000378072,0,
0,0,0,0,0,0,0,0,0,0,0,0,0,0,0,0,0.0644617,0.909889,0.0242997,0.00134998,
0.001001,0,0,0,0,0.000667334,0,0,0,0,0,0,0,0,0,0,0,0.0730731,0.907241,0.018018,
0.0188679,0.000285878,0.000857633,0,0,0,0,0,0,0,0.000285878,0,0,0,0.000285878,0,0,0,0.0626072,0.91681,


0.9206,0.0228614,0.000491642,0.000245821,0,0,0,0,0,0,0,0,0,0,0,0,0,0,0,0.0558014,
0.0618749,0.916725,0.0195394,0.000697837,0,0,0,0,0,0,0.000232612,0,0,0,0,0,0,0.000232612,0,0.000697837,
0.000270783,0.0579475,0.91362,0.0265367,0.00108313,0,0.000270783,0,0,0,0,0,0,0,0,0,0,0,0.000270783,0,
0.000200924,0.00100462,0.0572634,0.916014,0.0243118,0.000602773,0,0,0.000401848,0,0.000200924,0,0,0,0,0,0,0,0,0,
0,0,0.000188218,0.0670055,0.916243,0.0161867,0.000376435,0,0,0,0,0,0,0,0,0,0,0,0,0,
0,0,0,0.00038018,0.0504372,0.923077,0.0258522,0.000126727,0.000126727,0,0,0,0,0,0,0,0,0,0,0,
0,0,0,0.00012747,0.000382409,0.0641173,0.919057,0.0160612,0,0,0.00012747,0.00012747,0,0,0,0,0,0,0,0,
0,0,9.48227e-05,0,0,9.48227e-05,0.0370757,0.927176,0.0353689,9.48227e-05,9.48227e-05,0,0,0,0,0,0,0,0,0,
0,0,0,0,0,2.29753e-05,9.19012e-05,0.0541987,0.920276,0.0253418,4.59506e-05,0,2.29753e-05,0,0,0,0,0,0,0,
0,0,0,0,0,8.41128e-06,0,1.68226e-05,0.0510396,0.935721,0.0131889,2.52338e-05,0,0,0,0,0,0,0,0,
2.37917e-05,0,0,0,0,0,0,0,2.37917e-05,0.0825928,0.908497,0.00883861,1.18958e-05,0,0,0,0,1.18958e-05,0,0,
0,0,0,0,0,0,0,0,0,0.000134255,0.145868,0.842519,0.0114117,6.71276e-05,0,0,0,0,0,0,
0,0,0,0,0,0,0,0,0,0,0.000446628,0.108084,0.876284,0.0142921,0,0.000223314,0.000223314,0,0,0.000446628,
0,0,0,0,0,0,0,0,0,0.00030525,0.00030525,0.000915751,0.0583028,0.918498,0.0213675,0.00030525,0,0,0,0,
0,0,0.000329598,0,0,0,0,0,0,0,0.000329598,0,0.000659196,0.0580092,0.917271,0.0234015,0,0,0,0,
0,0,0.000347826,0,0,0,0,0,0,0,0.000695652,0.000347826,0.000347826,0.000347826,0.0605217,0.910261,0.0264348,0.000695652,0,0,
0,0,0,0,0,0,0,0,0,0,0,0,0,0,0,0.0640376,0.913893,0.0220695,0,0,
0,0,0,0,0,0,0,0,0,0,0.000340484,0,0,0,0,0.000680967,0.0554988,0.916922,0.0262172,0.000340484,
0,0,0,0,0,0,0,0,0,0,0.00033557,0,0.00033557,0,0,0,0,0.0708054,0.908389,0.0201342,
0.0257335,0.000481,0,0,0,0,0,0,0,0,0,0,0,0,0,0,0,0.000721501,0.045214,0.92785,


0.921271,0.0226423,0,0,0,0,0,0,0,0,0.000207727,0,0,0,0,0,0,0,0,0.0558787,
0.0604486,0.922314,0.0162928,0,0,0,0,0,0,0,0.000236128,0,0,0,0,0,0,0,0.000472255,0.000236128,
0.000277085,0.0526462,0.916874,0.0299252,0.000277085,0,0,0,0,0,0,0,0,0,0,0,0,0,0,0,
0,0,0.0517832,0.919001,0.0288132,0.000402982,0,0,0,0,0,0,0,0,0,0,0,0,0,0,
0,0,0.000369072,0.0599742,0.921572,0.0177154,0,0,0,0.000184536,0.000184536,0,0,0,0,0,0,0,0,0,
0,0.00013113,0,0.000262261,0.0476003,0.922502,0.0293732,0,0.00013113,0,0,0,0,0,0,0,0,0,0,0,
0,0,0,0,0,0.0594255,0.919615,0.0205893,0.000246579,0,0,0,0.000123289,0,0,0,0,0,0,0,
0,0,0,9.43663e-05,0,0,0.0356705,0.928376,0.0357648,9.43663e-05,0,0,0,0,0,0,0,0,0,0,
0,0,0,0,0,0,4.50857e-05,0.0489405,0.920469,0.0305005,2.25428e-05,0,0,0,0,0,2.25428e-05,0,0,0,
0,0,0,0,0,0,0,1.69753e-05,0.0442887,0.93815,0.0175355,8.48767e-06,0,0,0,0,0,0,0,0,
0,1.18616e-05,1.18616e-05,0,1.18616e-05,0,0,0,1.18616e-05,0.0729011,0.915569,0.0114583,2.37231e-05,0,0,0,0,0,0,0,
0,0,0,0,0,0,0,0,0,0.000133932,0.130918,0.855689,0.0131923,6.69658e-05,0,0,0,0,0,0,
0,0,0,0,0,0,0,0,0,0,0.000665336,0.100022,0.881792,0.017077,0.000443557,0,0,0,0,0,
0,0,0,0,0,0,0,0,0,0,0,0.000304692,0.0572821,0.916819,0.0249848,0.000609385,0,0,0,0,
0,0,0,0,0,0,0,0,0,0,0,0,0.0003465,0.0592516,0.920651,0.0190575,0.0003465,0.0003465,0,0,
0,0,0,0,0,0,0,0,0,0,0,0.000243368,0,0.000243368,0.0438063,0.931127,0.0236067,0.000730105,0.000243368,0,
0,0,0,0,0,0,0,0,0,0,0,0.000367377,0,0.000367377,0,0.0598824,0.914034,0.025349,0,0,
0,0,0,0,0,0,0,0,0,0,0,0,0.00033557,0,0.00033557,0.00134228,0.0493289,0.920134,0.0281879,0.00033557,
0,0,0,0,0,0,0,0,0,0,0.000321958,0,0,0,0.000321958,0,0,0.0643915,0.905666,0.0292981,
0.028777,0.00057554,0,0,0,0,0,0,0,0,0,0,0.00028777,0,0,0,0,0.00028777,0.0460432,0.924029,


0.920315,0.0302509,0.000983768,0.000245942,0,0,0,0,0,0,0,0,0,0,0,0,0,0,0,0.0482046,
0.0499638,0.924934,0.0243785,0.000241371,0.000241371,0,0,0,0,0,0,0,0,0,0,0,0,0,0,0.000241371,
0,0.0511332,0.916252,0.0320619,0.000276396,0,0,0,0,0,0,0,0,0,0,0,0,0,0,0.000276396,
0,0,0.047881,0.919315,0.0328036,0,0,0,0,0,0,0,0,0,0,0,0,0,0,0,
0,0,0.000516796,0.056503,0.925409,0.0170543,0,0.000172265,0.000172265,0,0,0,0,0,0,0,0.000172265,0,0,0,
0,0,7.71307e-05,7.71307e-05,0.0493637,0.923101,0.0272272,0,0,0,0.000154261,0,0,0,0,0,0,0,0,0,
0,0,0.000117357,0,0.000352071,0.0518718,0.927121,0.0204201,0,0,0,0.000117357,0,0,0,0,0,0,0,0,
0,0,0,0,0,0.000145975,0.0324794,0.925918,0.0413109,7.29874e-05,7.29874e-05,0,0,0,0,0,0,0,0,0,
0,0,0,0,0,2.38021e-06,7.14063e-06,0.0478422,0.922907,0.0292266,1.42813e-05,0,0,0,0,0,0,0,0,0,
0,0,0,0,0,0,0,4.94667e-06,0.0355419,0.937452,0.0269965,4.94667e-06,0,0,0,0,0,0,0,0,
0,0,0,0,0,0,1.18655e-05,0,3.55965e-05,0.060431,0.925034,0.0144403,2.3731e-05,0,1.18655e-05,1.18655e-05,0,0,0,0,
0,0,0,0,0,0,0,6.4704e-05,0,6.4704e-05,0.110191,0.870592,0.0189583,0.000129408,0,0,0,0,0,0,
0,0,0,0,0,0,0,0,0,0,0.000219443,0.0829493,0.894887,0.0217248,0,0.000219443,0,0,0,0,
0.000292912,0,0,0,0,0,0,0,0,0,0,0.000292912,0.0544815,0.915934,0.0284124,0,0.000292912,0,0.000292912,0,
0,0,0,0,0,0,0,0,0,0,0,0,0.000336814,0.048838,0.92388,0.0269451,0,0,0,0,
0,0,0,0,0,0,0,0,0,0,0,0,0.000355114,0,0.0454545,0.924006,0.0298295,0.000355114,0,0,
0,0,0,0,0,0,0,0,0,0,0,0,0.000367242,0,0,0.0506794,0.917003,0.0301138,0.00146897,0.000367242,
0.000243546,0,0,0,0,0,0.000243546,0,0,0,0,0,0,0,0,0,0.0501705,0.918899,0.0304433,0,
0.000336361,0,0,0,0,0,0,0,0,0,0,0,0,0,0,0.000336361,0,0.0561722,0.915237,0.0279179,
0.0260059,0.000122669,0.000122669,0.000122669,0,0,0,0,0,0,0,0,0,0,0,0,0,0.000736016,0.0386408,0.934249,


0.920142,0.0387823,0.000625521,0.000208507,0,0,0,0,0.000208507,0,0,0,0,0,0,0,0,0,0,0.0400334,
0.0441767,0.928892,0.0262225,0.000472478,0,0,0,0,0,0,0,0,0,0,0,0,0,0,0.000236239,0,
0,0.0336157,0.92293,0.0429079,0.000546597,0,0,0,0,0,0,0,0,0,0,0,0,0,0,0,
0.000196696,0.000196696,0.0363887,0.923485,0.0391424,0.000393391,0,0,0,0,0,0,0,0,0,0,0,0,0,0.000196696,
0.000185117,0,0.000370233,0.0494261,0.923732,0.0261014,0.000185117,0,0,0,0,0,0,0,0,0,0,0,0,0,
0,0,0,0.000302115,0.0348943,0.922659,0.041994,0,0.000151057,0,0,0,0,0,0,0,0,0,0,0,
0,0,0,0.000125897,0.000125897,0.0460783,0.928239,0.0253053,0,0,0,0,0.000125897,0,0,0,0,0,0,0,
0,0,0,0,2.10642e-05,8.42566e-05,0.0342293,0.9327,0.0328601,2.10642e-05,8.42566e-05,0,0,0,0,0,0,0,0,0,
0,0,0,0,0,0,7.15922e-05,0.0319063,0.92175,0.0462247,2.38641e-05,0,0,0,0,0,0,0,2.38641e-05,0,
0,0,0,0,0,0,0,5.94049e-07,0.0374417,0.937837,0.0247193,0,2.97025e-07,0,0,2.97025e-07,0,0,2.97025e-07,0,
1.06137e-05,1.06137e-05,0,0,0,0,0,3.1841e-05,4.24547e-05,0.0530153,0.928994,0.0178628,1.06137e-05,0,0,0,0,1.06137e-05,1.06137e-05,0,
0,0,0,0,0,0,0,0,0,0.000119969,0.0917162,0.88645,0.0215344,0.000179953,0,0,0,0,0,0,
0,0,0,0,0,0,0,0,0,0,0.000449135,0.0738828,0.893779,0.0318886,0,0,0,0,0,0,
0,0,0,0.000305344,0,0,0,0,0,0,0,0.000305344,0.0393893,0.922137,0.0375573,0.000305344,0,0,0,0,
0,0.000327011,0,0,0.000327011,0,0,0,0,0,0.000327011,0,0.000654022,0.0464356,0.922825,0.028123,0.000327011,0.000327011,0,0.000327011,
0,0,0,0,0,0,0,0,0,0,0,0.000351741,0.000351741,0.000351741,0.0397467,0.925079,0.0334154,0.000351741,0.000351741,0,
0,0,0,0,0,0,0,0,0,0,0.000356379,0,0,0,0.000356379,0.0481112,0.915538,0.0356379,0,0,
0.000343053,0.000343053,0,0,0,0,0,0,0,0,0.000343053,0,0,0,0,0.000343053,0.0404803,0.919726,0.038422,0,
0.000674309,0,0,0.000337154,0,0,0,0,0,0,0.000337154,0.000337154,0,0,0,0,0.000337154,0.0461902,0.916386,0.0354012,
0.0341401,0,0.000509554,0.000254777,0,0,0,0,0,0,0,0,0,0,0,0,0,0.000509554,0.037707,0.926879,


0.922928,0.040708,0,0,0,0,0,0,0,0,0,0,0,0,0,0,0,0.000321802,0.000643604,0.0353982,
0.0408014,0.92084,0.0368923,0.000977278,0,0,0,0,0,0,0.000488639,0,0,0,0,0,0,0,0,0,
0.00082012,0.0349918,0.922909,0.0401859,0.000546747,0,0,0,0,0,0,0,0,0,0,0,0,0,0,0.000546747,
0,0.000201248,0.0344134,0.92252,0.0426645,0.000201248,0,0,0,0,0,0,0,0,0,0,0,0,0,0,
0,0.000187126,0.000561377,0.041729,0.919536,0.0379865,0,0,0,0,0,0,0,0,0,0,0,0,0,0,
0,0,0.000144739,0.000578955,0.0298162,0.920249,0.048777,0.000144739,0.000144739,0,0,0,0,0,0,0.000144739,0,0,0,0,
0,9.95619e-05,0,0,0.000199124,0.0403226,0.928813,0.0301673,0.000298686,0,9.95619e-05,0,0,0,0,0,0,0,0,0,
0,9.49938e-05,0,0,0,0.000189988,0.0235585,0.914031,0.061841,0.000189988,9.49938e-05,0,0,0,0,0,0,0,0,0,
0,0,0,0,0,0,4.06322e-05,0.0211491,0.92093,0.0578197,4.06322e-05,0,0,2.03161e-05,0,0,0,0,0,0,
7.07206e-08,0,0,0,0,0,7.07206e-08,1.06081e-06,0.0167133,0.965244,0.0180406,7.07206e-07,0,0,0,0,0,0,0,0,
3.34599e-08,3.34599e-08,0,0,0,0,3.34599e-08,3.34599e-08,2.34219e-07,0.020849,0.964679,0.0144708,3.34599e-07,3.34599e-08,6.69198e-08,0,0,0,3.34599e-08,3.34599e-08,
0,0,0,0,0,0,0,0,0,6.60502e-05,0.0817041,0.893395,0.0248349,0,0,0,0,0,0,0,
0,0,0,0,0,0,0,0,0,4.10391e-05,0.000164156,0.0261009,0.927484,0.0460048,0.000164156,4.10391e-05,0,0,0,0,
0,0,0,0,0,0,0,0,0,0,0,0,0.0383541,0.917958,0.0429261,0.000762002,0,0,0,0,
0,0,0,0,0,0,0,0,0,0,0.000231911,0.000231911,0,0.0401206,0.928108,0.0308442,0,0.000231911,0,0.000231911,
0,0,0,0,0.000343053,0,0,0,0,0,0,0,0,0.00137221,0.0349914,0.926244,0.0367067,0.000343053,0,0,
0,0.000249626,0,0,0,0,0,0,0,0,0,0,0,0,0.000499251,0.0339491,0.930105,0.0349476,0.000249626,0,
0,0,0,0,0,0,0,0,0,0,0,0,0,0,0.000343171,0.000343171,0.0329444,0.920041,0.0463281,0,
0.00040546,0.00040546,0,0,0,0,0,0,0,0,0.000540614,0,0,0,0,0,0.000675767,0.040546,0.927017,0.0304095,
0.0444553,0.00024426,0.00024426,0,0,0,0,0,0,0,0.00073278,0,0,0,0.00024426,0,0,0,0.0288227,0.925256,


0.9152,0.054741,0.000244379,0,0,0,0,0,0,0,0,0,0.000244379,0,0,0,0,0.000244379,0,0.0293255,
0.0351515,0.924848,0.0392727,0.000242424,0,0.000242424,0,0,0,0,0,0,0,0,0,0,0,0,0,0.000242424,
0.000146028,0.0214661,0.934579,0.0427862,0.000438084,0.000146028,0,0,0,0,0.000146028,0,0,0,0,0.000146028,0,0,0,0.000146028,
0.000265463,8.84877e-05,0.0249535,0.926998,0.047164,8.84877e-05,0.000176975,0,8.84877e-05,0,8.84877e-05,0,0,0,0,0,0,0,0,8.84877e-05,
0,0.000183857,0.000551572,0.0356683,0.920206,0.0430226,0.000367715,0,0,0,0,0,0,0,0,0,0,0,0,0,
0,0,0,0.00016592,0.0265472,0.914053,0.0592334,0,0,0,0,0,0,0,0,0,0,0,0,0,
0,0,0,0.000123625,0.000494499,0.0339968,0.93213,0.0328842,0.000123625,0.000123625,0.000123625,0,0,0,0,0,0,0,0,0,
0,0,0,0,0,0.000190876,0.0219508,0.903035,0.0744417,0.000190876,0.000190876,0,0,0,0,0,0,0,0,0,
0,0,0,0,0,0,5.13163e-05,0.0184482,0.908939,0.0724329,7.69744e-05,2.56581e-05,2.56581e-05,0,0,0,0,0,0,0,
7.57502e-07,0,0,0,0,0,3.03001e-06,1.515e-06,0.0126654,0.937767,0.0495596,2.27251e-06,0,0,0,0,0,0,0,0,
2.38112e-05,0,0,0,0,0,0,1.19056e-05,0,0.0370503,0.936079,0.0267757,3.57168e-05,0,0,1.19056e-05,0,0,1.19056e-05,0,
0,0,0,0,0,0,0,0,0,0.000125762,0.0694837,0.90222,0.0279821,6.28812e-05,0.000125762,0,0,0,0,0,
0,0,0,0,0,0,0,0,0,0,0.000872981,0.0523789,0.904627,0.0421213,0,0,0,0,0,0,
0,0,0,0,0,0,0,0,0,0,0,0.000146327,0.0206321,0.922154,0.0567749,0.000146327,0,0.000146327,0,0,
0,0,0,0,0,0,0,0,0,0.000325309,0,0,0.000325309,0.035784,0.919974,0.0432661,0.000325309,0,0,0,
0,0,0,0,0,0,0,0,0,0,0,0,0,0.000363769,0.0356493,0.923245,0.0403783,0,0.000363769,0,
0,0.000367918,0,0,0,0,0,0,0,0,0,0,0.000367918,0,0,0.0371597,0.915011,0.0463576,0.000735835,0,
0.000319387,0,0,0,0,0,0,0,0,0,0,0,0,0,0.000319387,0.000319387,0.0223571,0.924305,0.0514213,0.00095816,
0.000340252,0.000340252,0,0,0,0.000340252,0,0,0,0,0,0,0,0,0,0,0.000340252,0.0401497,0.91936,0.039129,
0.0472214,0.000575871,0,0,0,0,0,0,0,0,0,0,0,0,0.000287936,0,0,0,0.0290815,0.922833,


0.92102,0.059683,0.000413508,0,0,0.000137836,0,0,0,0,0,0,0,0,0,0,0,0.000137836,0.000275672,0.0183322,
0.0204566,0.9372,0.0417229,0.000323852,2.69876e-05,0,0,0,0,0,0,0,0,0,2.69876e-05,0,2.69876e-05,0,8.09629e-05,0.000134938,
0.000273823,0.0301205,0.911281,0.0575027,0.000273823,0,0,0,0,0,0.000273823,0,0,0,0,0.000273823,0,0,0,0,
0.000601323,0.000801764,0.0256564,0.911806,0.0609341,0,0,0,0,0,0,0,0,0,0,0,0,0.000200441,0,0,
0,2.22101e-05,8.88405e-05,0.0176237,0.946629,0.0354696,0.000122156,2.22101e-05,0,0,2.22101e-05,0,0,0,0,0,0,0,0,0,
0,0,0,0.000167504,0.0197655,0.922781,0.0569514,0.000335008,0,0,0,0,0,0,0,0,0,0,0,0,
6.37247e-06,0,6.37247e-06,1.27449e-05,5.09798e-05,0.016887,0.950384,0.0324677,0.000127449,1.91174e-05,6.37247e-06,6.37247e-06,0,0,6.37247e-06,1.27449e-05,0,6.37247e-06,0,0,
0,0,0,0,0,9.4518e-05,0.0160681,0.898677,0.0847826,0.000189036,0.000189036,0,0,0,0,0,0,0,0,0,
0,0,0,0,0,0,2.55193e-05,0.0150819,0.897821,0.0870464,0,2.55193e-05,0,0,0,0,0,0,0,0,
0,0,0,0,0,0,0,4.15118e-06,0.0160796,0.937236,0.0466779,0,0,2.07559e-06,0,0,0,0,0,0,
6.19217e-07,0,6.19217e-07,0,0,0,0,0,1.85765e-06,0.0223605,0.924913,0.0527176,3.09608e-06,1.85765e-06,0,6.19217e-07,0,0,6.19217e-07,0,
0,0,0,0,0,0,0,0,6.43418e-05,0,0.0557843,0.904774,0.0393128,0,6.43418e-05,0,0,0,0,0,
0,0,0,0,0.00017328,0,0,0.00017328,0,0,0.000693121,0.0412407,0.914053,0.0429735,0.00034656,0.00034656,0,0,0,0,
0,0,0,0,0,0,0,0,0,0,0,0.000294204,0.0235363,0.918505,0.057664,0,0,0,0,0,
0.000265957,0,0,0,0,0,0,0,0,0,0,0.000265957,0.000265957,0.0289894,0.928457,0.0412234,0.000265957,0,0.000265957,0,
0,0,0,0,0,0,0,0,0.000341997,0,0.000341997,0.000683995,0,0.000683995,0.0249658,0.928865,0.0437757,0.000341997,0,0,
0,0,0,0,0,0,0,0,0,0,0,0,0,0,0,0.027838,0.919017,0.0531453,0,0,
0,0,0,0,0,0,0,0,0,0,0.000229148,0,0,0.000229148,0,0.00091659,0.0192484,0.922548,0.0563703,0.000458295,
0,0.000336247,0,0,0,0,0,0,0,0,0.000336247,0,0,0,0.000336247,0,0.000672495,0.035306,0.917619,0.0453934,
0.0501483,0,0.000269614,0,0,0,0,0,0,0,0,0,0,0.000269614,0,0,0,0,0.0245349,0.924778,


0.919757,0.0587824,0,0,0,0.000233263,0,0,0,0,0.000233263,0.000233263,0,0,0,0,0,0,0,0.0207604,
0.0261328,0.926157,0.0467514,0.000239751,0,0.000239751,0,0,0,0,0,0,0,0,0.000239751,0,0,0,0,0.000239751,
0.00055788,0.0200837,0.912134,0.0669456,0.00027894,0,0,0,0,0,0,0,0,0,0,0,0,0,0,0,
0.000197161,0.000197161,0.0187303,0.919558,0.0607256,0,0,0.000197161,0,0,0.000197161,0,0,0,0,0,0,0,0.000197161,0,
0,0,0.000185908,0.0204499,0.926194,0.0524261,0.000371816,0,0.000185908,0,0,0,0,0,0,0.000185908,0,0,0,0,
0.000169291,0.000169291,0.000169291,0.000169291,0.0182834,0.907059,0.0738107,0.000169291,0,0,0,0,0,0,0,0,0,0,0,0,
0,0,0,0,0,0.0245922,0.931493,0.0437892,0.000125471,0,0,0,0,0,0,0,0,0,0,0,
0,0,0,0,0,0.000377929,0.0148337,0.887944,0.0968443,0,0,0,0,0,0,0,0,0,0,0,
0,0,0,0,0,0,5.13334e-05,0.0121917,0.888889,0.0987911,7.70001e-05,0,0,0,0,0,0,0,0,0,
0,0,0,0,5.77694e-06,0,5.77694e-06,2.88847e-05,0.0144655,0.931676,0.0538122,5.77694e-06,0,0,0,0,0,0,0,0,
0,0,0,0,0,0,0,0,0,0.0187616,0.932638,0.0485678,1.6472e-05,0,8.23601e-06,0,0,8.23601e-06,0,0,
0,0,0,0,4.16278e-06,0,4.16278e-06,0,4.16278e-06,8.32556e-06,0.0216714,0.911749,0.0665296,8.32556e-06,0,1.66511e-05,0,0,0,4.16278e-06,
0,0,0,0,0,0,0.000227221,0,0.000227221,0,0.00113611,0.0324926,0.914792,0.0508975,0,0.000227221,0,0,0,0,
0,0,0,0,0,0,0,0,0,0,0,0.000304785,0.0262115,0.916794,0.0563852,0.000304785,0,0,0,0,
0,0,0,0,0,0,0,0,0,0,0,0,0.00136519,0.0273038,0.921843,0.0488055,0,0.000341297,0,0.000341297,
0,0,0,0.000346021,0,0,0,0,0,0,0,0,0.000346021,0.00103806,0.0211073,0.919031,0.0577855,0.000346021,0,0,
0,0,0,0,0,0,0,0,0,0,0,0,0.000337154,0,0.000337154,0.0225893,0.921443,0.0552933,0,0,
0,0,0,0,0,0,0,0,0,0,0,0,0,0,0,0,0.0215018,0.919947,0.0585511,0,
0,0,0,0,0,0,0,0,0,0,0.000318167,0,0,0,0,0,0.000318167,0.0267261,0.92014,0.0524976,
0.0620887,0.000286123,0,0,0,0,0,0,0,0,0,0,0,0,0,0,0,0.000286123,0.0217454,0.915594,


0.911656,0.0679755,0.000245399,0.000245399,0.000245399,0,0,0,0,0,0.000490798,0,0,0,0,0,0,0,0,0.0191411,
0.023945,0.919393,0.0559507,0.000711238,0,0,0,0,0,0,0,0,0,0,0,0,0,0,0,0,
0.000271739,0.0203804,0.903261,0.0747283,0.000815217,0.000271739,0,0,0,0,0,0,0,0,0,0,0,0,0,0.000271739,
0,0.000412116,0.0171028,0.910365,0.0717082,0.000412116,0,0,0,0,0,0,0,0,0,0,0,0,0,0,
0,0,0.000187196,0.0228379,0.921752,0.0550356,0.000187196,0,0,0,0,0,0,0,0,0,0,0,0,0,
0,0,0,0.000162866,0.0149837,0.895765,0.0885993,0.000162866,0.000325733,0,0,0,0,0,0,0,0,0,0,0,
0,0,0,0,0.000123793,0.0199307,0.926838,0.0527358,0.000371379,0,0,0,0,0,0,0,0,0,0,0,
0,0,0,0,0,9.31793e-05,0.0140701,0.870574,0.115263,0,0,0,0,0,0,0,0,0,0,0,
0,2.53711e-05,0,0,0,2.53711e-05,0,0.00933655,0.876671,0.113891,5.07421e-05,0,0,0,0,0,0,0,0,0,
0,0,0,0,8.45016e-06,0,0,3.38006e-05,0.0109937,0.921346,0.0676182,0,0,0,0,0,0,0,0,0,
1.17776e-05,1.17776e-05,0,0,0,0,0,0,1.17776e-05,0.0178548,0.935612,0.0464626,1.17776e-05,0,0,0,0,1.17776e-05,0,1.17776e-05,
0,0,0,0,0,0,0,0,0,5.99628e-05,0.0347784,0.90292,0.0622414,0,0,0,0,0,0,0,
0,0,0,0,0,0,0,0,0.000216263,0,0.000648789,0.0300606,0.913711,0.0549308,0.000216263,0,0,0,0,0.000216263,
0,0,0,0,0,0,0,0,0,0,0,0,0.0197959,0.918033,0.0615527,0.00030931,0,0,0.00030931,0,
0.000336022,0,0,0,0,0,0,0,0,0,0.000336022,0,0,0.0235215,0.913642,0.061828,0.000336022,0,0,0,
0,0,0,0,0,0,0,0,0,0,0,0,0.000353857,0.000707714,0.022293,0.920736,0.0559094,0,0,0,
0,0.000356761,0,0,0,0,0,0,0,0,0.000356761,0,0,0.000356761,0.000356761,0.0174813,0.921513,0.0585087,0.00107028,0,
0.000347584,0,0,0,0,0,0,0,0,0,0,0,0,0,0,0,0.0215502,0.907195,0.0688217,0.00208551,
0,0,0,0,0,0,0,0,0,0,0,0,0,0,0,0.000351741,0.000703482,0.0228632,0.911361,0.0647204,
0.0631458,0,0,0,0,0,0,0,0,0,0,0,0,0,0,0,0,0.000287026,0.0200918,0.916475,


0.905168,0.0755729,0.000243784,0.000243784,0,0,0,0,0,0,0,0,0,0,0,0,0,0,0.000487567,0.0182838,
0.0175689,0.916667,0.06434,0.000237417,0,0.000237417,0,0,0,0,0.000237417,0,0.000237417,0,0,0,0,0,0.000237417,0.000237417,
0.000802783,0.0168584,0.894835,0.0869682,0,0,0,0,0,0,0,0,0,0,0,0,0.000267594,0,0.000267594,0,
0.000201735,0,0.0161388,0.900746,0.0825096,0.00040347,0,0,0,0,0,0,0,0,0,0,0,0,0,0,
0,0.000189789,0.000379579,0.0178402,0.912697,0.0679446,0.000379579,0,0,0.000189789,0.000189789,0,0,0.000189789,0,0,0,0,0,0,
0,0,0,0,0.013905,0.89025,0.0953485,0.000496607,0,0,0,0,0,0,0,0,0,0,0,0,
0,0,0,0,0,0.0188363,0.925558,0.0552187,0.000387047,0,0,0,0,0,0,0,0,0,0,0,
0,0,0,0,0,0.000194118,0.00951179,0.863923,0.126274,9.70591e-05,0,0,0,0,0,0,0,0,0,0,
0,0,0,0,0,0,2.56029e-05,0.00819294,0.862871,0.128885,2.56029e-05,0,0,0,0,0,0,0,0,0,
0,0,0,0,0,0,8.50449e-06,8.50449e-06,0.00875962,0.914147,0.0770677,8.50449e-06,0,0,0,0,0,0,0,0,
0,0,0,0,0,1.19422e-05,0,1.19422e-05,2.38843e-05,0.0139365,0.935023,0.0509452,2.38843e-05,0,1.19422e-05,0,1.19422e-05,0,0,0,
0,0,0,0,0,0,0,0,0,5.38677e-05,0.0268261,0.907024,0.0658263,0.000161603,5.38677e-05,0,5.38677e-05,0,0,0,
0,0,0,0,0,0,0,0,0,0.000197083,0.000394166,0.0218762,0.891407,0.0859283,0.000197083,0,0,0,0,0,
0,0,0,0,0,0,0,0,0,0,0.000306654,0.000613309,0.017786,0.904017,0.075437,0.000919963,0.000919963,0,0,0,
0,0,0,0,0,0,0,0,0,0,0,0,0,0.0196339,0.917138,0.0628952,0.000332779,0,0,0,
0,0,0,0,0,0,0,0,0,0.00036062,0,0,0.00036062,0.000721241,0.0201947,0.904075,0.0739272,0.00036062,0,0,
0,0,0,0,0,0,0,0,0,0,0,0.000365097,0,0,0.000365097,0.0193501,0.915663,0.0638919,0.000365097,0,
0,0,0,0,0,0,0,0,0,0,0.000336361,0,0,0,0,0.000336361,0.0147999,0.899765,0.0844265,0.000336361,
0.000664231,0,0,0,0,0,0,0,0,0,0.000332116,0,0,0,0.000332116,0.000664231,0.000332116,0.0192627,0.909,0.0694122,
0.0782785,0,0,0,0,0,0,0,0,0,0.00028885,0,0,0,0,0,0,0,0.019353,0.90208,


0.898313,0.0831093,0.00146663,0.000244439,0,0,0,0,0,0,0.000244439,0,0,0,0,0,0,0,0.000244439,0.0163774,
0.0125148,0.915702,0.070366,0.000472255,0,0.000472255,0,0,0,0,0.000236128,0,0.000236128,0,0,0,0,0,0,0,
0.000262743,0.0139254,0.896742,0.0885444,0,0,0,0,0,0,0.000262743,0,0,0,0,0,0,0,0.000262743,0,
0,0.000205423,0.0131471,0.894002,0.092235,0.000410846,0,0,0,0,0,0,0,0,0,0,0,0,0,0,
0,0,0,0.0181314,0.915264,0.066235,0,0.000185014,0,0,0,0,0,0,0.000185014,0,0,0,0,0,
0,0.000331785,0,0.000165893,0.0102853,0.885202,0.103019,0.000497677,0,0,0.000331785,0,0,0,0,0,0,0,0,0.000165893,
0,0,0,0,0,0.0155466,0.918631,0.0654463,0.000250752,0.000125376,0,0,0,0,0,0,0,0,0,0,
0,0,0,0,0,9.57488e-05,0.00842589,0.851877,0.13941,9.57488e-05,0,0,0,0,9.57488e-05,0,0,0,0,0,
0,0,0,0,0,2.5328e-05,5.0656e-05,0.00686389,0.844967,0.148042,5.0656e-05,0,0,0,0,0,0,0,0,0,
0,0,8.43711e-06,0,0,0,0,1.68742e-05,0.00655563,0.906466,0.0869275,1.68742e-05,0,8.43711e-06,0,0,0,0,0,0,
0,0,0,0,0,1.19387e-05,0,2.38775e-05,0,0.0108642,0.931388,0.0576641,2.38775e-05,0,0,0,0,1.19387e-05,1.19387e-05,0,
0,0,0,0,0,0,0,0,0.000116198,0,0.0218452,0.910237,0.0678015,0,0,0,0,0,0,0,
0,0,0,0,0,0,0,0,0,0,0.000451569,0.02303,0.910589,0.0659291,0,0,0,0,0,0,
0,0,0,0,0,0,0,0,0,0,0,0,0.0156346,0.897302,0.0870631,0,0,0,0,0,
0,0,0,0,0,0,0,0,0,0,0.000337496,0,0,0.0178873,0.910564,0.0701991,0,0.000337496,0.000337496,0.000337496,
0,0,0,0,0,0,0,0,0,0,0,0,0,0.000718391,0.014727,0.900862,0.0826149,0.00107759,0,0,
0,0,0,0,0,0,0,0,0,0,0,0,0,0.00037092,0.00074184,0.0178042,0.901706,0.0790059,0.00037092,0,
0,0,0,0,0,0,0,0,0,0,0,0,0,0,0,0.000337496,0.0172123,0.893014,0.0887614,0.000674992,
0,0,0.000332668,0,0,0,0,0,0,0,0.000332668,0,0,0,0,0.000332668,0.000332668,0.0159681,0.909182,0.0735196,
0.0885673,0.000578871,0,0,0,0,0,0,0,0,0,0,0,0,0.000289436,0,0,0.000289436,0.0138929,0.896382,


0.891898,0.0952842,0.000241838,0.000241838,0,0,0.000241838,0,0,0,0.000241838,0,0,0,0,0,0.000241838,0,0,0.0116082,
0.0118687,0.911334,0.0756342,0.000465441,0,0,0,0,0,0,0,0,0,0,0,0,0,0,0.000232721,0.000465441,
0.00053952,0.0105206,0.884543,0.103858,0.00053952,0,0,0,0,0,0,0,0,0,0,0,0,0,0,0,
0,0.00040568,0.0150101,0.882353,0.101826,0.00020284,0.00020284,0,0,0,0,0,0,0,0,0,0,0,0,0,
0,0,0.000176118,0.0156745,0.901902,0.0817189,0.000352237,0,0,0,0,0,0,0,0,0,0.000176118,0,0,0,
0,0,0,0.000165728,0.012761,0.868412,0.117832,0.000828638,0,0,0,0,0,0,0,0,0,0,0,0,
0,0,0,0,0.00025507,0.0118607,0.918888,0.0688688,0,0.000127535,0,0,0,0,0,0,0,0,0,0,
0,0,0,0,0,9.53562e-05,0.00896348,0.836369,0.154477,9.53562e-05,0,0,0,0,0,0,0,0,0,0,
0,0,0,0,0,0,7.66832e-05,0.00567456,0.831374,0.162773,7.66832e-05,0,2.55611e-05,0,0,0,0,0,0,0,
0,0,0,0,0,0,0,0,0.00514239,0.895114,0.0997437,0,0,0,0,0,0,0,0,0,
0,0,2.3704e-05,0,1.1852e-05,2.3704e-05,0,1.1852e-05,3.5556e-05,0.00760898,0.924811,0.0674615,0,0,1.1852e-05,0,0,0,0,0,
0,0,0,0,0,0,0,0,0,0.000199601,0.0170991,0.903792,0.0789088,0,0,0,0,0,0,0,
0,0,0,0,0,0,0,0,0,0,0.000227531,0.0200228,0.90603,0.0730375,0.000682594,0,0,0,0,0,
0,0,0,0,0,0,0,0.000306654,0,0,0,0,0.0199325,0.897271,0.08249,0,0,0,0,0,
0,0,0,0,0,0,0,0,0,0,0.000326371,0.000326371,0.000326371,0.0166449,0.906984,0.0744125,0.000326371,0.000326371,0,0.000326371,
0,0,0,0,0,0,0,0,0,0,0,0,0,0.000351741,0.010904,0.909954,0.0784383,0.000351741,0,0,
0,0,0,0,0,0,0,0,0,0,0,0,0,0,0,0.0146122,0.895841,0.089172,0.000374672,0,
0,0,0.000349162,0,0,0,0,0,0,0,0,0,0,0,0.000698324,0,0.0132682,0.889316,0.0963687,0,
0.000999001,0,0.000333,0,0,0,0,0,0,0,0,0,0,0,0,0.000333,0.000333,0.013986,0.905095,0.0789211,
0.0939227,0.000581564,0,0,0,0,0,0,0,0,0,0,0,0,0,0,0,0.000581564,0.0139575,0.890957,


0.881553,0.104126,0.000242718,0.000242718,0,0.000242718,0,0,0,0,0,0,0,0,0,0,0,0,0,0.0135922,
0.0127046,0.905448,0.0808698,0.000488639,0,0,0,0,0,0,0.00024432,0,0,0,0,0,0,0,0,0.00024432,
0.000812128,0.0127233,0.876827,0.108825,0.000541418,0.000270709,0,0,0,0,0,0,0,0,0,0,0,0,0,0,
0,0.000198886,0.00795545,0.874105,0.117542,0,0.000198886,0,0,0,0,0,0,0,0,0,0,0,0,0,
0,0,0.00018797,0.0139098,0.897368,0.087406,0.00037594,0,0,0,0.00018797,0,0,0.00018797,0,0.00037594,0,0,0,0,
0,0,0,0,0.00874011,0.872197,0.118734,0.000164908,0.000164908,0,0,0,0,0,0,0,0,0,0,0,
0,0,0,0,0.000123244,0.00850382,0.911634,0.0794922,0.000123244,0,0.000123244,0,0,0,0,0,0,0,0,0,
0,0,0,0,0,0,0.00617284,0.819373,0.173694,0.000569801,0.000189934,0,0,0,0,0,0,0,0,0,
0,0,0,0,0,0,2.54544e-05,0.00391997,0.81655,0.179453,5.09087e-05,0,0,0,0,0,0,0,0,0,
0,0,0,0,8.50073e-06,0,8.50073e-06,1.70015e-05,0.00372332,0.887433,0.108792,1.70015e-05,0,0,0,0,0,0,0,0,
1.2028e-05,1.2028e-05,0,1.2028e-05,0,1.2028e-05,1.2028e-05,1.2028e-05,0,0.0059178,0.918089,0.075897,1.2028e-05,0,0,0,1.2028e-05,0,0,0,
0,0,0,0,0,0,0,5.73691e-05,0,5.73691e-05,0.0131949,0.882795,0.103838,5.73691e-05,0,0,0,0,0,0,
0,0,0,0,0,0,0,0,0,0.000380807,0.000952018,0.00990099,0.902513,0.0853008,0.000761615,0.000190404,0,0,0,0,
0,0,0,0,0,0,0,0,0,0,0,0,0.0114908,0.898095,0.0892047,0.000302389,0.000302389,0,0.000604778,0,
0,0,0,0,0,0,0,0,0,0,0,0,0,0.0127175,0.899598,0.0876841,0,0,0,0,
0,0,0,0,0,0,0,0,0,0.000351741,0.000351741,0,0,0.000351741,0.0161801,0.899402,0.0826592,0,0.000703482,0,
0,0,0,0,0,0,0,0,0,0,0.000653168,0,0,0,0,0.0107773,0.890921,0.0976486,0,0,
0,0,0,0,0,0,0,0,0,0,0.000344709,0,0,0,0,0.000344709,0.00965184,0.886246,0.103413,0,
0.000318878,0,0,0,0,0,0,0,0,0,0,0,0,0.000318878,0,0.000318878,0.000318878,0.0133929,0.894133,0.091199,
0.0981964,0.000286287,0,0,0,0,0,0,0,0,0,0,0,0,0,0,0,0,0.0114515,0.890066,


0.821455,0.166519,0.000565017,0.00024215,0,8.07168e-05,0,0,8.07168e-05,0,0.000161434,0,0,0,8.07168e-05,0,8.07168e-05,0.000161434,0.000484301,0.0100896,
0.0111084,0.909684,0.0775175,0.000241488,0.000241488,0,0.000241488,0,0,0,0,0,0,0,0,0,0,0.000241488,0,0.000724463,
0.000279752,0.00995916,0.857551,0.131203,0.000391652,0.000167851,0.000167851,0,0,0,5.59503e-05,0,0,0,0,0,0,0,0.000111901,0.000111901,
0,0.00055062,0.00814918,0.827252,0.163204,0.000440496,0.000110124,3.6708e-05,7.3416e-05,0,3.6708e-05,0,0,0,3.6708e-05,0,0,0,7.3416e-05,3.6708e-05,
0,0,0.000185943,0.0115284,0.892153,0.0952027,0.000929714,0,0,0,0,0,0,0,0,0,0,0,0,0,
2.29289e-05,2.29289e-05,6.87868e-05,0.000183432,0.00635132,0.824273,0.168642,0.000275147,6.87868e-05,2.29289e-05,2.29289e-05,2.29289e-05,0,0,0,0,0,2.29289e-05,0,0,
0,0,0,0,0,0.00967823,0.89995,0.0896179,0.000628457,0.000125691,0,0,0,0,0,0,0,0,0,0,
0,0,0,0,1.78415e-05,3.56831e-05,0.00293493,0.678201,0.318543,0.000169495,5.35246e-05,8.92077e-06,0,1.78415e-05,8.92077e-06,8.92077e-06,0,0,0,0,
0,0,0,0,0,1.26913e-06,1.77678e-05,0.000842701,0.432838,0.566268,2.53825e-05,2.53825e-06,1.26913e-06,1.26913e-06,0,1.26913e-06,0,0,0,0,
0,0,0,0,0,7.00996e-07,2.10299e-06,2.10299e-06,0.00127301,0.493528,0.505183,6.30896e-06,1.40199e-06,7.00996e-07,7.00996e-07,7.00996e-07,7.00996e-07,0,0,0,
1.3993e-05,1.3993e-05,1.3993e-05,2.09894e-05,1.3993e-05,6.99648e-06,2.09894e-05,1.3993e-05,4.19789e-05,0.00348425,0.869649,0.126503,6.29683e-05,6.99648e-06,6.99648e-06,2.09894e-05,2.09894e-05,1.3993e-05,3.49824e-05,3.49824e-05,
0,0,0,0,0,0,0,0,0,0,0.0114246,0.873983,0.114592,0,0,0,0,0,0,0,
0,0,0,0,0,0,0,0,0.000218962,0,0.000218962,0.011824,0.902562,0.0847383,0.000437924,0,0,0,0,0,
0,0,0,0,0,0,0,0,0,0,0.00026824,0.00026824,0.0112661,0.868562,0.118294,0.00107296,0,0,0.00026824,0,
0,0,0,0,0,0,0,0,0,0,0.000325945,0,0.000325945,0.011734,0.885919,0.100391,0.000977836,0,0,0.000325945,
0,0,0,0,0,0,0,0,0,0,0.000591716,0,0,0.000295858,0.0106509,0.878698,0.109172,0.000295858,0,0.000295858,
0,0,0,0,0,0,0,0,0,0,0,0,0,0,0.00074184,0.0100148,0.899481,0.0893917,0.00037092,0,
0.000453104,0,0,0,0.000226552,0,0,0,0,0,0,0,0.000226552,0,0,0.000453104,0.0129135,0.831899,0.153829,0,
0.000679348,0,0,0,0,0,0,0,0,0,0,0,0,0,0,0,0.000679348,0.0091712,0.893682,0.095788,
0.159631,0.000395778,0.000263852,0.000131926,0,0,0,0,0,0,0.000131926,0,0,0,0.000263852,0,0,0.00118734,0.0118734,0.826121,


