2078,32,2,1,0,0,0,0,0,0,0,0,0,0,0,0,0,0,2,309,
298,2230,24,0,0,0,0,0,0,0,0,0,0,0,0,0,0,0,0,3,
1,300,2411,23,1,0,1,0,0,0,0,0,0,0,0,0,0,0,0,0,
0,1,258,2317,30,1,0,0,0,0,0,0,0,0,0,0,0,0,0,0,
0,1,2,356,2383,25,1,0,0,0,0,1,0,0,0,0,0,0,0,0,
0,0,1,2,285,2017,29,0,2,0,0,0,0,0,0,0,0,0,0,0,
0,0,1,0,3,267,2053,21,1,0,0,0,0,0,0,0,0,0,0,0,
1,0,0,0,1,1,253,2084,19,1,0,0,0,0,0,0,0,0,0,0,
0,0,0,0,0,0,2,274,2231,29,0,0,0,0,0,0,0,0,0,0,
0,0,0,0,1,0,0,0,275,2485,26,3,0,0,0,0,0,0,0,0,
0,0,0,0,0,0,0,0,0,322,2387,28,0,0,0,0,0,0,0,0,
0,0,0,0,1,0,0,0,0,0,275,2102,16,0,0,0,0,0,0,0,
0,0,0,0,0,0,1,0,0,1,0,245,2272,21,1,0,0,0,0,0,
0,0,0,0,0,0,0,0,0,0,0,0,266,2105,25,1,0,0,0,0,
0,0,0,0,0,0,0,0,0,0,0,0,0,234,2149,20,0,0,0,0,
0,0,0,0,0,0,0,0,0,0,0,0,0,0,283,2070,14,0,0,0,
0,0,0,0,0,0,0,0,0,0,0,0,0,0,1,258,2150,28,0,0,
0,0,0,0,0,0,0,0,0,0,0,0,0,0,1,1,322,2379,29,2,
0,0,2,0,0,0,0,0,0,0,0,0,0,0,0,0,1,306,2162,30,
29,2,0,0,0,0,0,0,0,1,0,0,0,0,0,0,0,0,283,2308,


2117,27,1,0,0,0,0,0,0,0,0,0,0,0,0,0,0,0,0,236,
237,2280,31,0,0,0,0,0,0,0,0,0,0,0,0,0,0,0,0,0,
4,268,2470,29,1,0,1,0,0,0,0,0,0,0,0,0,0,0,0,0,
0,0,257,2344,26,2,0,0,1,0,0,0,0,0,0,2,0,0,0,0,
0,0,2,276,2297,26,0,1,0,0,0,0,0,0,0,0,0,0,1,0,
0,0,0,1,214,1941,30,0,0,0,0,0,0,0,0,0,0,0,0,0,
0,0,0,0,2,228,1961,26,0,0,0,0,0,0,0,0,0,0,0,0,
0,0,0,0,0,0,260,2193,30,0,0,0,0,0,0,0,0,0,0,0,
0,0,0,0,1,0,3,253,2210,34,0,1,0,1,0,0,0,0,0,0,
0,0,0,0,0,0,0,0,235,2337,26,1,0,0,0,0,0,0,0,0,
0,0,0,0,0,0,0,0,1,319,2409,29,0,0,0,0,0,0,0,0,
0,0,0,0,0,0,0,0,0,0,270,2078,31,0,0,0,0,0,0,0,
0,0,0,0,1,0,0,0,0,0,0,234,2263,26,0,0,0,0,0,0,
0,0,0,0,0,0,0,0,0,0,0,0,248,2035,29,0,0,0,0,0,
0,0,0,0,0,0,0,0,0,0,1,0,1,228,2215,31,0,2,1,0,
0,0,0,0,0,0,0,0,0,0,0,1,0,0,275,2123,32,0,0,0,
0,0,0,0,0,0,0,0,0,0,0,0,0,0,1,225,2182,32,1,1,
0,0,0,0,0,0,0,0,0,0,0,0,0,0,0,0,286,2323,24,0,
0,2,0,0,0,0,0,0,0,0,0,0,0,0,0,0,0,241,2163,34,
24,2,0,0,0,1,0,0,0,0,0,0,0,0,0,0,0,1,277,2301,


2177,29,1,0,0,0,0,0,0,0,0,0,0,0,0,0,1,0,0,215,
227,2223,38,1,0,0,1,0,0,0,0,0,0,0,0,0,0,0,0,3,
1,241,2370,29,0,0,0,0,0,0,0,0,0,0,0,0,0,0,1,0,
0,1,226,2452,34,3,0,0,0,0,0,0,0,0,0,0,0,0,0,0,
0,0,0,234,2313,32,2,0,0,0,0,0,0,0,0,0,0,0,0,0,
0,1,0,2,246,1978,28,0,0,0,0,0,0,0,0,0,0,0,0,0,
0,0,0,1,0,206,2066,24,0,0,0,1,0,0,0,0,1,0,0,0,
0,0,0,0,0,0,219,2108,37,1,0,0,0,0,0,0,0,0,0,0,
0,0,0,0,0,0,0,208,2130,27,2,1,0,0,0,0,0,0,0,0,
0,0,0,0,0,0,0,1,214,2442,37,0,0,0,0,0,0,0,0,0,
0,0,0,0,0,0,0,0,1,267,2503,34,0,0,0,0,0,0,0,0,
0,0,0,0,0,0,0,0,0,1,250,2192,37,0,0,0,0,0,0,0,
0,0,0,0,0,0,0,0,0,0,1,206,2172,30,0,0,0,0,0,0,
0,0,0,0,0,0,0,0,0,0,0,1,226,2109,29,0,2,0,0,0,
0,0,0,0,0,0,0,0,0,0,0,0,0,229,2198,27,2,0,0,0,
0,0,0,0,0,0,0,0,0,0,0,0,1,2,235,1979,26,0,0,0,
0,0,0,0,0,0,0,0,0,0,0,0,0,0,0,230,2179,29,1,0,
0,0,0,0,0,0,0,0,0,0,0,0,0,0,0,0,246,2336,30,0,
2,1,0,0,0,0,0,0,0,0,0,0,0,0,0,0,1,211,2209,36,
29,0,0,1,0,0,0,0,0,0,0,0,0,0,0,1,0,1,231,2293,


2189,45,1,1,0,0,0,0,0,0,0,0,0,1,0,0,0,0,0,212,
186,2229,40,1,0,0,0,0,0,0,0,0,0,0,0,0,0,0,0,0,
2,218,2412,31,2,0,0,0,0,0,0,0,0,0,0,0,0,0,0,0,
0,2,194,2364,37,0,0,0,0,0,0,0,0,0,0,0,0,0,0,0,
0,1,1,203,2249,29,1,0,0,0,0,0,0,0,0,0,0,0,0,0,
1,0,0,3,210,2093,37,0,0,0,0,1,0,0,0,0,0,0,0,0,
1,0,0,1,1,210,2008,38,0,1,0,0,0,0,0,0,0,0,0,0,
0,0,0,0,0,2,195,2181,27,0,0,1,0,0,0,0,0,0,0,0,
0,0,0,0,0,1,0,193,2200,29,1,0,0,0,0,0,0,0,0,0,
0,0,0,0,0,0,0,2,216,2466,39,0,0,0,0,0,0,0,0,0,
0,0,0,0,1,1,0,0,0,223,2447,30,0,0,0,0,0,0,0,0,
0,0,0,0,0,0,0,1,0,0,251,2136,30,1,0,0,0,0,0,0,
0,0,0,0,0,0,0,0,0,0,0,203,2194,24,1,0,0,0,0,0,
1,0,0,0,0,0,0,1,0,0,0,0,193,2056,24,1,0,0,0,0,
0,0,0,0,0,1,0,1,0,0,0,0,0,200,2167,38,0,0,0,0,
0,0,0,0,0,0,0,0,0,0,0,0,0,0,205,2094,32,0,0,0,
0,0,0,0,0,0,0,0,0,0,0,0,0,0,1,179,2154,46,3,0,
0,0,0,0,0,0,0,0,0,0,0,0,0,0,0,0,221,2353,41,0,
0,0,0,0,0,0,0,0,0,0,0,0,0,0,0,0,0,208,2232,33,
21,3,2,0,0,0,0,0,0,0,0,0,0,0,0,0,0,2,241,2304,


2156,42,1,0,0,0,0,0,0,0,0,0,0,0,0,1,0,0,1,206,
191,2403,37,1,0,0,0,0,0,0,0,0,0,0,0,0,0,1,1,0,
2,203,2350,47,0,0,0,0,0,0,0,0,0,0,0,0,0,0,0,0,
0,1,172,2409,52,1,0,0,0,0,0,0,0,0,0,0,1,0,0,0,
0,0,0,236,2309,39,0,0,0,0,0,0,0,0,0,0,0,0,0,0,
0,0,0,1,186,2072,26,1,0,0,0,0,0,0,0,0,0,0,0,0,
0,0,0,0,1,161,2015,35,0,0,0,0,0,0,0,0,0,0,0,1,
0,0,0,0,0,1,181,2145,39,0,1,0,0,0,0,0,0,0,0,0,
0,0,0,0,0,0,0,185,2208,36,0,0,0,0,0,0,0,0,0,0,
0,0,0,0,0,0,0,0,192,2474,41,0,0,0,0,0,0,0,0,0,
0,0,0,0,0,0,0,0,0,205,2521,48,0,0,0,0,0,0,0,0,
1,0,0,0,0,0,0,1,0,1,196,2155,34,0,0,0,0,0,0,0,
0,0,0,0,0,0,0,0,1,0,2,167,2288,37,0,0,0,0,0,0,
0,0,0,0,0,0,0,0,1,0,0,0,194,2125,39,1,0,0,0,0,
0,0,0,0,0,0,0,0,0,0,0,0,1,185,2208,36,1,0,0,0,
0,0,0,0,0,0,0,0,0,0,0,0,0,0,156,2064,42,0,0,0,
0,0,0,0,0,0,0,0,1,0,0,0,0,0,0,175,2262,40,2,0,
0,0,0,0,0,0,0,0,0,0,0,0,0,0,1,1,210,2463,41,0,
0,0,0,0,0,0,0,0,0,0,0,0,0,0,0,0,0,202,2178,38,
29,1,0,0,0,0,0,0,0,0,0,0,0,0,0,0,0,0,215,2317,


2204,38,1,0,0,0,0,0,0,0,0,0,0,0,0,0,0,0,1,156,
178,2298,43,0,0,0,0,0,0,0,0,0,0,0,0,0,0,0,0,1,
2,180,2442,49,1,0,0,0,0,0,0,0,0,0,0,0,0,0,0,0,
0,1,174,2406,39,0,1,0,0,0,0,0,0,0,0,0,0,0,0,0,
0,0,0,171,2300,44,0,0,0,0,0,0,0,0,0,0,0,0,0,0,
0,0,1,1,140,1973,46,0,0,0,0,0,0,0,0,0,0,0,0,0,
0,1,0,0,0,136,2021,36,1,0,0,0,0,0,0,0,0,0,0,0,
0,0,0,0,0,2,174,2227,45,0,0,0,0,0,0,0,0,0,0,0,
0,0,0,1,0,0,0,162,2157,45,1,1,0,0,0,0,0,0,0,0,
0,0,0,0,0,0,0,1,166,2475,57,2,0,0,0,0,0,0,0,0,
0,0,0,0,0,0,0,0,0,185,2573,43,1,0,0,0,0,0,0,0,
0,0,0,0,0,0,0,0,0,1,198,2186,43,0,0,0,0,0,0,0,
0,0,0,0,0,0,0,0,0,0,0,146,2289,41,0,0,0,0,0,0,
0,0,0,0,0,0,0,0,0,0,0,2,160,2033,45,0,0,0,0,0,
0,0,0,0,0,0,0,0,0,0,0,0,0,161,2251,41,0,0,0,0,
0,0,0,1,0,0,0,0,1,0,0,0,0,0,164,2142,45,0,1,0,
0,0,0,1,0,0,0,0,0,0,0,0,0,0,0,157,2171,53,0,0,
1,0,0,0,0,0,0,0,0,0,0,0,0,1,0,1,177,2390,43,1,
0,0,0,0,0,0,0,0,0,0,0,0,0,0,1,0,0,169,2256,46,
50,1,0,0,0,0,0,0,0,0,0,0,0,0,0,0,0,1,157,2379,


2170,52,0,0,0,0,0,0,0,0,0,0,0,0,0,0,0,0,1,159,
165,2284,46,0,0,0,1,0,0,0,0,0,0,0,0,0,0,0,1,1,
2,159,2358,49,3,0,1,0,0,0,0,0,0,0,0,0,0,0,0,0,
0,2,153,2479,55,0,0,0,0,0,0,0,0,0,0,0,0,0,0,0,
0,1,1,160,2329,43,2,0,0,1,0,0,0,0,0,0,0,0,0,0,
0,0,1,0,133,1942,39,0,0,0,0,0,0,0,0,0,0,0,0,0,
0,0,0,0,2,135,2048,43,1,0,0,0,0,0,0,0,0,0,0,0,
0,0,0,0,0,1,128,2235,45,1,0,0,0,0,0,0,0,0,0,0,
0,0,0,0,0,0,1,153,2311,54,2,0,0,0,0,0,0,0,0,0,
0,0,0,0,0,1,0,1,164,2427,58,0,1,0,0,0,0,0,0,0,
0,0,0,0,0,0,0,0,1,184,2465,54,0,0,0,0,0,0,0,0,
0,0,0,0,0,0,0,0,0,1,164,2232,44,0,0,0,0,0,0,0,
0,0,0,0,0,0,0,0,0,0,1,135,2285,54,1,0,0,0,0,0,
0,0,0,0,0,0,0,0,0,0,0,2,144,2126,54,0,1,0,0,0,
0,0,0,0,0,0,0,0,0,0,0,0,2,149,2161,50,1,0,0,0,
0,0,0,0,0,0,1,0,0,0,0,0,0,1,141,2133,43,1,0,0,
0,0,0,0,0,0,0,0,0,0,0,0,0,1,1,114,2257,52,0,0,
0,1,0,0,0,0,0,0,0,0,0,0,0,0,0,0,139,2468,50,0,
1,0,0,0,0,0,0,0,0,0,0,1,0,0,0,0,0,154,2276,53,
47,1,0,0,0,0,0,0,0,0,0,0,0,0,0,0,0,0,142,2363,


2126,63,0,0,0,0,0,0,0,0,0,0,0,0,0,0,1,0,2,130,
141,2299,64,2,1,0,0,1,0,0,0,0,0,0,0,1,0,0,0,2,
2,154,2373,69,2,0,0,0,0,0,0,0,0,0,0,0,0,0,0,1,
0,1,139,2479,59,0,0,0,0,1,0,0,0,0,1,0,0,1,0,0,
0,0,0,150,2408,66,1,0,1,0,0,0,0,0,0,0,0,0,0,0,
0,0,0,1,146,2005,54,1,0,0,1,0,0,0,0,0,0,0,0,0,
1,0,0,0,0,101,2167,58,0,0,0,1,0,0,0,0,0,0,0,0,
0,1,0,0,1,0,136,2189,50,0,0,0,0,0,0,0,0,0,0,0,
0,0,0,0,0,0,0,114,2280,72,1,0,0,0,0,0,0,0,0,0,
0,0,0,0,1,0,0,0,146,2512,64,0,0,0,0,0,0,0,0,1,
0,0,1,0,0,0,0,1,1,155,2507,54,1,0,0,0,0,0,0,0,
0,0,0,0,0,0,0,0,0,1,170,2180,52,0,0,0,0,0,0,0,
0,0,0,0,0,0,0,0,0,0,0,151,2349,66,0,0,0,0,0,0,
0,0,1,1,0,0,0,0,0,0,0,0,119,2210,49,1,0,0,0,0,
0,0,0,0,0,0,0,0,0,0,0,1,0,114,2204,62,2,0,0,0,
0,0,0,0,0,0,0,0,0,0,0,0,0,0,134,2096,53,0,0,0,
0,1,0,0,0,0,0,0,0,0,0,0,0,0,3,138,2176,58,0,1,
0,0,0,0,0,0,0,0,0,0,0,0,0,0,0,0,143,2455,57,0,
1,0,0,0,0,0,0,0,0,0,0,0,0,0,0,0,1,154,2337,62,
62,1,0,0,0,0,0,0,0,0,0,0,0,0,0,0,0,2,135,2397,


2222,67,1,0,0,0,0,0,0,0,0,0,0,0,0,0,0,0,1,101,
136,2351,76,0,0,0,0,0,0,0,0,0,0,0,0,0,0,0,0,4,
0,126,2459,62,2,1,1,0,0,0,0,0,0,0,0,0,0,0,0,1,
0,3,113,2634,66,1,2,0,0,0,0,0,0,0,0,0,0,0,0,0,
0,1,2,112,2429,80,0,0,1,1,0,0,0,0,0,0,0,0,0,0,
0,0,0,0,106,2023,68,0,0,0,0,0,0,0,0,0,0,0,0,0,
0,0,0,0,0,121,2028,57,2,0,0,0,0,0,0,0,0,0,0,0,
0,0,0,1,0,1,112,2140,56,0,0,0,0,0,0,0,0,0,0,0,
0,1,0,0,0,0,0,99,2322,64,0,0,0,0,0,0,0,0,0,0,
0,0,0,0,0,0,0,2,123,2518,86,1,1,0,0,0,0,0,0,0,
0,0,0,0,0,0,0,0,0,127,2538,86,0,0,0,0,0,0,0,0,
0,0,0,0,0,0,0,0,0,0,121,2274,57,2,0,0,0,0,0,0,
0,0,1,0,0,0,0,0,0,0,0,103,2317,64,0,0,0,0,0,0,
0,0,0,0,0,0,0,0,0,0,0,1,104,2252,48,1,0,0,0,0,
0,0,0,0,0,0,0,0,0,0,0,0,0,98,2313,77,0,0,0,0,
0,0,0,1,0,0,0,0,0,0,0,0,0,1,121,2156,58,0,0,0,
0,0,0,0,0,0,0,0,0,0,0,0,0,1,0,89,2258,89,2,0,
0,0,0,0,0,0,0,0,0,0,0,0,0,0,0,1,133,2502,77,1,
1,0,0,0,1,0,0,0,0,0,0,0,0,0,0,0,0,127,2340,70,
67,0,0,0,0,0,0,0,0,0,0,0,0,0,0,0,0,1,120,2473,


2201,81,1,2,0,0,0,0,0,0,0,0,0,0,0,0,0,0,1,99,
104,2374,83,0,0,0,0,0,0,0,0,0,0,0,0,0,0,0,0,1,
1,118,2416,92,3,0,0,0,0,0,0,0,0,0,0,0,0,0,0,2,
0,0,105,2410,73,1,0,0,0,0,0,0,0,0,0,0,0,0,0,0,
0,0,1,98,2483,79,2,1,0,0,0,0,0,0,0,0,0,0,0,1,
0,0,0,1,108,2058,70,2,0,0,0,0,0,0,0,0,0,0,0,0,
0,0,0,0,1,115,2066,77,1,0,0,0,0,0,0,0,0,0,0,0,
0,0,0,0,0,1,94,2184,64,1,0,0,1,0,0,0,0,0,0,0,
0,0,0,0,0,0,0,106,2288,76,1,0,0,0,0,0,0,0,0,0,
0,0,0,0,0,0,1,1,113,2463,85,0,0,1,0,0,0,0,0,0,
0,0,0,0,0,0,1,0,2,99,2646,84,0,0,0,0,0,0,0,0,
1,0,0,0,0,0,0,0,1,0,117,2201,59,0,0,0,0,0,0,0,
0,0,0,0,0,0,0,0,1,1,0,96,2317,74,2,0,0,0,0,0,
0,0,0,0,0,0,0,0,0,0,1,0,93,2059,68,0,0,0,0,0,
0,0,0,0,0,0,0,0,0,0,0,0,1,82,2292,93,0,0,0,0,
0,0,0,0,0,0,0,0,1,0,0,0,0,0,94,2232,77,0,0,0,
0,0,0,0,0,0,0,0,0,0,0,0,0,0,0,101,2431,62,1,0,
1,0,0,0,0,0,0,0,0,0,0,0,0,0,0,2,99,2408,81,1,
1,0,0,0,0,0,0,1,0,0,0,0,0,0,0,0,0,107,2260,78,
82,1,0,0,0,0,0,0,0,0,1,0,0,0,0,0,0,2,120,2363,


2185,99,0,0,0,0,0,0,0,0,0,0,0,0,0,0,0,0,0,78,
84,2309,103,1,0,0,0,0,0,0,0,0,0,0,0,0,0,0,0,0,
0,98,2499,89,1,0,0,0,0,0,0,0,0,0,0,0,0,0,0,1,
0,0,85,2509,104,0,0,0,0,0,0,0,0,0,0,0,0,0,0,0,
0,0,2,109,2346,87,2,0,0,0,0,0,0,0,0,0,0,0,0,0,
0,0,0,1,93,2096,100,1,0,0,0,1,0,0,0,0,0,0,0,0,
0,0,0,0,0,83,2197,88,0,0,0,0,0,0,0,0,0,0,0,0,
0,1,0,0,0,1,88,2330,85,2,0,0,0,0,0,0,0,0,0,0,
0,0,0,0,0,1,1,111,2287,74,0,1,0,0,0,0,0,0,0,0,
0,0,0,0,0,0,0,1,104,2691,95,0,0,1,0,0,0,0,0,0,
0,0,0,0,0,1,0,1,0,82,2407,118,1,0,0,0,0,0,0,0,
0,0,0,0,0,0,0,0,1,1,86,2199,85,0,0,0,0,0,0,0,
0,0,0,0,0,0,0,0,0,0,0,86,2435,88,0,0,0,0,0,0,
0,1,0,0,0,0,0,0,0,0,1,0,76,2183,91,0,0,0,0,0,
0,0,0,0,0,0,0,0,0,0,0,0,1,90,2296,81,0,0,0,0,
0,0,0,0,0,0,0,0,0,0,0,0,0,1,101,2217,83,0,0,0,
0,0,0,0,0,0,0,0,0,1,0,1,0,1,1,81,2181,109,1,0,
0,0,0,0,0,0,0,0,0,0,0,0,0,0,0,0,100,2502,99,0,
1,0,0,0,0,0,0,0,0,0,0,0,0,0,0,0,2,85,2449,90,
97,0,1,0,0,0,0,0,0,0,0,0,0,0,1,0,0,0,95,2370,


2246,87,0,0,0,0,1,0,0,0,0,0,0,0,0,1,1,0,0,82,
69,2451,114,0,0,0,0,0,0,0,0,0,0,0,0,0,0,0,0,1,
1,90,2600,107,0,0,0,0,0,0,0,0,0,0,0,0,0,0,0,0,
1,1,76,2538,102,1,0,0,0,0,0,1,0,0,0,0,0,0,0,0,
0,0,1,85,2434,106,1,0,0,0,0,0,0,0,0,0,0,0,0,0,
1,0,0,0,78,2046,105,1,0,0,0,0,0,0,0,0,0,0,0,0,
0,0,0,0,3,79,2127,115,1,0,0,0,0,0,0,0,0,0,0,0,
0,0,0,0,1,1,84,2126,94,2,0,0,0,0,0,0,0,0,0,0,
0,0,0,0,0,0,0,71,2334,109,0,0,1,0,0,0,0,0,0,0,
0,0,0,0,0,0,0,0,88,2618,117,0,0,0,0,0,0,0,0,0,
0,0,0,0,0,0,0,1,1,90,2550,116,1,0,0,0,0,0,0,0,
0,0,0,0,0,0,0,0,0,0,82,2091,93,0,0,0,0,0,0,0,
0,0,0,0,0,0,0,0,0,0,1,75,2462,85,1,0,0,0,0,0,
0,0,0,0,0,0,0,0,0,0,0,1,65,2148,98,2,0,0,0,0,
0,0,0,0,0,0,0,0,0,0,0,1,0,67,2397,105,2,0,0,0,
0,0,0,0,0,0,0,0,0,0,0,0,0,0,67,2303,92,2,0,0,
0,0,0,0,0,0,0,0,0,0,0,0,0,0,0,72,2283,103,1,0,
0,0,0,0,0,0,0,0,0,0,0,0,0,0,0,0,79,2572,97,0,
0,0,0,0,0,0,0,0,0,0,0,0,0,0,0,0,0,79,2252,116,
92,1,0,0,0,0,0,0,0,0,0,0,0,0,1,0,0,0,79,2536,


2326,114,3,0,0,0,0,0,0,0,0,0,0,0,0,1,0,0,1,54,
67,2284,159,0,0,0,0,0,0,0,0,0,0,0,0,0,0,0,0,0,
0,79,2510,126,0,0,0,0,0,0,0,0,0,0,0,0,0,0,1,1,
0,0,73,2438,117,1,0,1,1,0,0,0,0,0,0,0,0,0,0,1,
0,0,0,61,2507,94,0,0,0,0,0,0,0,0,0,0,0,0,0,1,
0,0,0,1,72,2101,98,1,1,0,0,0,0,0,0,0,0,0,0,0,
0,0,0,2,1,62,2116,109,0,0,0,0,1,1,0,0,0,0,0,0,
0,0,0,0,0,1,60,2081,114,0,0,0,1,0,0,0,0,0,0,0,
0,0,0,0,0,0,0,71,2172,101,0,0,0,0,0,0,0,0,0,0,
0,0,0,0,0,0,0,1,80,2559,127,0,0,0,0,0,0,0,0,0,
0,0,0,0,0,0,0,0,0,92,2538,123,0,0,0,0,0,0,0,0,
0,0,0,0,0,0,0,0,0,0,72,2115,118,0,0,0,0,0,0,0,
0,0,0,0,0,0,0,0,1,1,3,61,2302,122,0,1,1,0,0,0,
0,0,0,0,0,0,0,0,0,0,0,2,77,2178,105,0,1,0,0,0,
0,0,1,0,0,0,0,0,1,0,0,0,1,56,2333,125,0,0,0,0,
0,0,0,0,0,0,1,0,0,0,0,0,0,1,81,2186,109,0,0,0,
0,0,0,0,0,0,0,0,0,0,0,0,0,1,2,65,2242,157,1,0,
0,0,0,0,1,0,0,0,0,0,0,0,0,0,0,0,67,2450,118,1,
1,0,0,0,0,0,0,0,0,0,1,0,0,0,0,0,1,74,2332,123,
127,2,0,0,0,0,0,1,0,0,0,0,0,0,0,0,0,1,73,2378,


2172,130,0,0,0,0,0,0,1,0,0,0,0,0,0,0,0,0,1,54,
54,2339,161,2,0,0,0,0,0,0,0,0,0,0,0,0,0,0,1,1,
1,67,2500,122,2,0,0,0,0,0,0,0,0,0,0,0,0,0,0,0,
0,2,66,2500,162,0,0,0,1,0,0,0,0,0,0,0,0,0,0,0,
0,0,0,59,2393,138,0,1,0,0,0,0,0,0,0,0,0,0,0,0,
0,0,0,2,49,2036,138,1,0,0,0,0,0,0,0,0,0,0,0,1,
0,0,0,1,0,47,2079,130,2,0,0,0,0,0,0,0,0,0,0,0,
0,0,0,0,0,0,59,2214,129,0,0,0,0,0,0,0,0,0,0,0,
0,0,0,0,0,0,0,60,2237,144,2,0,0,1,0,1,0,0,0,0,
0,0,1,0,1,0,0,1,58,2528,141,1,1,0,0,0,0,0,0,0,
0,0,0,1,0,0,0,0,1,59,2483,139,1,0,0,0,0,0,0,0,
0,0,0,1,1,0,0,0,0,0,76,2185,109,0,0,0,0,0,0,0,
0,0,0,0,0,0,0,0,0,0,0,45,2337,140,0,1,0,0,0,0,
0,0,0,0,0,0,0,0,0,0,0,0,64,2023,107,2,0,0,0,0,
0,0,0,0,0,0,1,0,0,0,0,0,1,57,2132,149,2,0,0,0,
0,0,0,0,0,0,0,0,0,0,0,0,0,0,56,2088,114,0,0,0,
0,0,0,0,0,0,0,0,0,0,0,0,0,0,0,52,2262,136,0,0,
0,0,0,0,0,0,0,0,0,0,0,0,0,0,0,0,52,2450,129,1,
0,0,0,0,0,0,0,0,0,0,0,0,0,0,0,0,0,61,2343,133,
116,1,0,0,0,0,0,0,0,0,0,0,0,0,0,1,0,1,68,2285,


2197,149,2,0,1,0,0,0,0,0,0,0,0,0,0,0,0,0,1,51,
57,2384,161,1,0,1,1,0,0,0,0,0,0,0,0,0,0,0,0,1,
0,58,2447,138,0,2,0,0,0,0,0,0,0,0,0,0,0,0,0,0,
0,1,52,2459,180,1,0,0,0,0,1,0,0,0,0,0,0,0,0,0,
1,0,2,48,2353,148,2,1,0,0,0,0,0,0,0,0,0,0,0,0,
0,0,0,1,50,2071,133,1,1,0,0,0,0,0,0,0,0,0,0,0,
0,0,0,0,1,47,2013,158,2,0,0,0,0,0,0,0,0,0,0,1,
0,0,0,0,0,0,63,2102,146,1,0,0,0,0,0,0,0,0,0,0,
0,0,0,0,0,0,1,53,2312,172,0,0,0,0,0,0,0,0,0,0,
0,0,0,0,1,0,0,1,51,2374,180,1,0,0,0,0,0,0,0,0,
0,0,0,0,0,1,0,1,1,60,2539,167,0,0,0,0,0,0,0,0,
0,0,0,0,0,0,0,0,0,1,65,2137,122,0,1,0,0,0,0,0,
0,0,0,0,0,0,0,0,0,0,0,40,2323,144,0,0,0,0,0,0,
0,0,0,0,0,0,0,0,0,0,0,0,52,2068,156,0,0,1,0,0,
0,0,0,0,0,0,0,0,0,0,0,0,0,52,2207,162,1,0,0,0,
0,0,0,0,0,0,0,0,0,0,0,0,0,1,55,2124,125,1,0,0,
0,0,0,0,0,0,0,0,0,0,0,0,0,0,0,41,2228,178,3,0,
0,0,0,0,0,0,0,0,0,0,0,0,0,0,0,0,61,2419,146,0,
1,0,0,0,0,0,0,0,0,0,0,0,0,0,0,0,0,44,2346,179,
150,2,0,0,0,0,0,0,0,0,0,0,0,0,0,0,0,0,59,2353,


2184,169,1,0,0,0,0,0,0,0,0,0,0,0,0,0,1,0,0,43,
55,2252,199,4,0,0,0,0,0,0,0,0,0,0,0,0,0,0,1,0,
0,54,2400,164,0,0,0,0,1,0,0,0,0,0,0,0,0,0,0,0,
0,0,37,2422,177,2,0,0,0,0,0,0,0,0,0,0,0,0,0,0,
0,0,1,49,2322,161,0,0,0,0,0,0,0,0,0,0,0,0,0,0,
0,0,1,0,53,1995,148,0,0,0,1,0,0,0,0,1,0,0,0,0,
0,0,0,0,1,34,2058,201,2,0,0,0,0,0,0,0,1,0,0,0,
0,0,0,0,0,0,43,2193,164,1,1,0,0,0,0,0,0,0,0,0,
0,0,0,0,0,1,1,42,2232,179,1,0,0,0,0,0,0,0,0,1,
0,0,0,0,0,0,0,1,46,2436,186,2,0,0,0,0,0,0,0,0,
0,0,0,0,0,0,0,0,1,43,2534,183,0,0,0,0,0,0,0,0,
0,0,0,0,0,1,0,0,1,1,47,2225,161,1,0,0,0,0,0,0,
0,0,0,0,0,0,0,1,0,0,0,38,2347,163,1,0,0,0,0,0,
0,0,1,0,0,0,0,0,0,0,0,2,46,2174,165,0,0,0,0,0,
0,0,0,0,0,0,0,0,0,0,0,0,0,34,2206,171,0,0,0,0,
0,1,0,0,0,0,1,0,0,0,0,0,0,0,44,2147,149,0,0,0,
0,0,0,0,0,0,0,0,0,0,0,0,0,1,0,33,2156,158,1,0,
0,0,0,0,0,0,0,0,0,0,0,0,0,0,0,0,42,2351,187,0,
2,0,0,0,0,0,0,0,0,0,0,0,0,0,0,0,0,35,2302,160,
137,1,0,0,0,0,0,0,0,0,0,0,0,0,0,0,0,0,51,2410,


2187,183,1,0,0,0,0,0,0,0,0,0,0,0,0,0,0,1,3,24,
35,2317,213,0,0,0,0,0,0,0,0,0,0,0,0,0,0,0,0,2,
0,49,2478,180,4,0,0,0,1,0,0,0,0,0,0,0,0,0,1,0,
1,0,42,2468,193,2,0,0,1,1,0,0,0,0,0,0,0,0,0,0,
0,0,0,47,2396,182,0,0,0,0,0,0,0,0,0,0,0,0,0,0,
0,0,0,1,29,1959,164,0,0,0,0,0,0,0,0,0,0,0,0,0,
0,1,0,0,0,46,1984,176,0,0,0,0,0,0,0,0,0,0,0,0,
0,0,0,1,1,0,26,2152,210,1,0,0,0,0,0,0,0,0,0,0,
0,0,0,1,0,0,1,38,2191,206,0,0,0,0,0,0,0,0,0,0,
0,0,0,0,0,0,0,0,41,2390,214,1,0,0,0,0,0,0,0,0,
0,0,0,0,0,0,0,0,0,36,2462,208,1,0,0,0,0,0,0,0,
0,0,0,0,0,0,0,1,0,0,39,2071,178,0,1,0,0,0,0,0,
0,0,0,0,0,0,0,0,0,0,0,32,2274,182,0,0,0,0,0,0,
0,0,0,0,0,0,0,0,0,0,0,1,43,2108,159,1,0,0,0,0,
0,0,0,0,0,0,0,0,0,0,0,0,0,28,2214,199,1,0,0,0,
0,0,0,0,0,1,0,0,0,0,0,0,0,0,43,2119,153,0,0,0,
0,0,0,0,0,0,0,0,0,0,0,0,0,0,1,29,2217,191,0,0,
0,0,0,0,0,0,0,0,0,0,0,0,0,0,0,0,47,2281,180,1,
0,0,0,0,0,0,0,0,0,0,0,0,0,0,0,0,1,45,2257,195,
184,0,0,0,0,0,0,0,0,0,1,0,0,0,1,0,0,1,29,2377,


2201,212,0,0,0,0,0,0,0,0,0,0,0,0,0,0,0,0,2,21,
28,2289,224,1,0,0,0,0,0,0,0,0,0,0,0,0,0,0,0,0,
0,42,2421,170,0,0,0,0,0,0,0,0,0,0,0,0,0,0,0,0,
0,1,42,2391,231,1,0,0,0,0,0,0,0,0,0,0,0,0,0,0,
0,0,0,34,2231,194,1,0,0,0,0,0,0,0,0,0,0,0,0,0,
0,0,0,0,33,1978,186,0,1,0,0,0,0,0,0,0,0,0,0,0,
0,0,1,0,1,24,2049,187,0,0,0,0,0,0,0,1,0,0,0,0,
0,0,0,0,0,0,50,2213,231,1,0,0,0,0,0,0,0,0,0,0,
0,0,0,0,0,0,0,33,2222,207,2,0,0,0,0,0,0,0,0,0,
0,0,0,0,0,0,0,0,32,2493,260,0,1,0,0,0,0,0,0,0,
0,0,0,0,0,0,0,0,1,36,2551,232,3,1,0,0,0,0,0,1,
0,0,0,0,0,0,0,0,0,1,39,2178,185,2,1,0,0,0,0,0,
0,0,0,0,0,0,0,0,0,0,1,32,2240,207,2,0,0,0,1,0,
0,0,0,0,0,0,0,0,0,0,0,1,40,2080,198,0,1,1,0,0,
0,0,0,0,0,0,0,0,0,0,0,1,0,33,2210,176,1,0,0,0,
0,0,0,0,0,0,0,0,0,0,0,0,0,1,30,2144,192,1,0,0,
0,0,0,0,0,0,0,0,0,0,0,0,0,0,3,38,2151,232,1,0,
0,0,0,0,0,0,0,0,0,0,0,0,0,0,0,1,43,2443,229,0,
1,0,1,0,0,0,0,0,0,0,0,0,0,1,0,0,1,39,2333,202,
208,0,1,0,0,0,0,0,0,0,0,0,0,0,0,0,0,0,28,2382,


2007,224,2,1,0,0,0,0,0,0,0,0,0,0,0,0,0,0,0,19,
34,2211,228,0,0,0,0,0,0,0,0,0,0,0,0,1,0,0,0,0,
0,33,2406,245,0,0,0,0,0,0,0,0,0,0,0,0,0,0,0,0,
0,0,46,2392,260,4,0,0,0,0,0,0,0,0,0,0,0,0,0,0,
0,0,1,30,2335,221,1,1,0,0,0,0,0,0,0,0,0,0,0,0,
0,0,0,0,23,1969,194,2,0,0,0,1,0,0,0,0,0,0,0,0,
0,0,0,0,0,13,2125,211,2,0,0,0,0,0,0,0,0,0,0,0,
0,0,0,0,0,0,28,2160,231,1,1,0,0,0,0,0,0,0,0,0,
0,0,0,0,0,0,0,29,2182,244,0,0,0,0,0,0,0,0,0,0,
0,0,0,0,0,0,0,0,37,2484,285,0,0,0,0,0,0,0,0,1,
0,0,0,0,0,1,0,0,0,33,2447,259,1,2,0,1,0,0,0,0,
0,0,0,0,0,0,0,0,0,1,38,2110,213,0,0,0,0,0,0,0,
0,0,0,0,0,0,0,0,0,1,0,27,2259,183,1,1,0,0,0,0,
0,0,0,0,0,0,0,0,0,0,0,0,24,2052,206,0,0,0,0,0,
0,0,0,0,0,0,0,0,0,0,0,2,0,29,2219,210,2,0,0,1,
0,0,0,0,0,0,0,0,0,0,0,0,0,0,30,2084,215,0,0,0,
0,0,1,0,0,0,0,0,0,0,0,0,0,0,0,27,2204,286,0,0,
1,0,0,0,0,0,0,0,0,0,0,0,0,0,0,1,29,2235,242,0,
0,1,0,0,0,0,0,0,0,0,0,0,0,0,0,0,1,28,2206,250,
249,1,0,0,0,1,0,0,0,0,0,0,0,0,0,0,0,1,36,2296,


2117,277,1,0,0,0,0,0,0,0,0,0,0,0,0,0,0,0,1,26,
28,2239,275,1,1,1,0,0,0,0,0,0,0,0,0,0,0,0,1,0,
0,31,2332,260,3,0,0,0,0,1,0,0,0,0,0,0,0,0,1,0,
0,2,27,2471,293,1,0,0,0,1,0,0,0,0,0,0,0,0,0,1,
0,0,0,32,2279,229,1,0,0,0,0,0,0,0,0,0,0,0,0,0,
0,0,0,2,19,2031,216,0,0,0,0,0,0,0,0,0,0,0,0,0,
0,0,0,0,3,39,2069,240,1,0,0,0,0,0,0,0,1,0,0,0,
0,0,0,0,0,1,28,2075,220,1,0,0,0,0,1,0,0,0,0,0,
0,0,0,0,0,0,1,29,2191,268,1,0,0,0,1,0,0,0,0,0,
0,1,0,0,0,0,0,0,25,2463,283,0,0,0,0,0,0,0,0,0,
0,0,0,0,0,2,0,0,0,34,2531,294,1,0,0,0,0,0,0,0,
0,0,0,0,0,0,0,0,0,0,22,2151,246,1,2,0,0,0,0,0,
0,0,0,0,0,0,0,0,0,0,0,30,2349,272,0,0,0,0,0,0,
0,0,0,0,0,0,0,0,0,0,0,2,31,2104,195,0,1,0,0,0,
0,0,0,0,0,0,0,0,0,0,0,0,1,18,2160,246,0,0,0,0,
0,0,0,0,0,0,0,0,0,0,0,0,0,0,37,2087,222,0,0,0,
0,0,0,0,0,0,0,0,0,0,0,0,0,0,0,20,2136,231,1,0,
0,0,0,0,0,0,0,0,0,0,0,0,0,0,0,1,26,2326,247,2,
1,1,0,0,0,0,0,0,0,0,0,0,0,0,0,0,1,30,2328,294,
230,0,1,0,0,0,0,1,0,0,0,0,0,0,0,0,1,0,27,2337,


