0.854814,0.00931677,0,0,0,0,0,0,0,0,0,0,0,0,0,0,0,0,0,0.13587,
0.122449,0.868917,0.00863422,0,0,0,0,0,0,0,0,0,0,0,0,0,0,0,0,0,
0.000735835,0.108168,0.882266,0.00809419,0,0,0.000735835,0,0,0,0,0,0,0,0,0,0,0,0,0,
0,0.000776398,0.0916149,0.901398,0.00621118,0,0,0,0,0,0,0,0,0,0,0,0,0,0,0,
0,0.000748503,0,0.123503,0.866766,0.00748503,0.000748503,0,0,0,0,0.000748503,0,0,0,0,0,0,0,0,
0,0,0.000862813,0.00172563,0.126833,0.854185,0.0146678,0,0.00172563,0,0,0,0,0,0,0,0,0,0,0,
0,0,0,0,0.000830565,0.112126,0.877907,0.00830565,0.000830565,0,0,0,0,0,0,0,0,0,0,0,
0,0,0,0,0.000848176,0.000848176,0.0958439,0.894826,0.00678541,0.000848176,0,0,0,0,0,0,0,0,0,0,
0,0,0,0,0,0,0.000773994,0.116873,0.872291,0.0100619,0,0,0,0,0,0,0,0,0,0,
0,0,0,0,0.00073046,0,0,0,0.0993426,0.886048,0.0124178,0.00146092,0,0,0,0,0,0,0,0,
0,0,0,0,0,0,0,0,0,0.114357,0.875626,0.0100167,0,0,0,0,0,0,0,0,
0,0,0,0,0,0,0,0,0,0,0.116323,0.876173,0.00750469,0,0,0,0,0,0,0,
0,0,0,0,0,0,0,0,0,0,0,0.0950081,0.894525,0.00966184,0.000805153,0,0,0,0,0,
0,0,0,0,0,0,0,0,0,0,0,0,0.101844,0.884987,0.0131694,0,0,0,0,0,
0,0,0,0,0,0,0,0,0,0,0,0,0,0.1,0.891803,0.00819672,0,0,0,0,
0,0,0,0,0,0,0,0,0,0,0,0,0,0,0.111807,0.882826,0.00536673,0,0,0,
0,0,0,0,0,0,0,0,0,0,0,0,0,0,0,0.100392,0.889412,0.0101961,0,0,
0,0,0,0,0,0,0,0,0,0,0,0,0,0,0,0,0.126697,0.862745,0.00904977,0.0015083,
0,0,0,0,0,0,0,0,0,0,0,0,0,0,0,0,0.00081367,0.126932,0.858422,0.0138324,
0.011985,0,0,0,0,0,0,0,0,0,0,0,0,0,0,0,0,0,0.10412,0.883895,


0.888889,0.00966184,0,0,0,0,0,0,0,0,0,0,0,0,0,0,0,0,0,0.101449,
0.0953453,0.894144,0.0105105,0,0,0,0,0,0,0,0,0,0,0,0,0,0,0,0,0,
0.000721501,0.113997,0.877345,0.00721501,0.000721501,0,0,0,0,0,0,0,0,0,0,0,0,0,0,0,
0,0,0.0935849,0.892075,0.0120755,0.00150943,0,0,0,0,0,0,0,0,0,0.000754717,0,0,0,0,
0,0,0,0.0946657,0.891811,0.0127724,0,0.000751315,0,0,0,0,0,0,0,0,0,0,0,0,
0,0,0,0,0.0998233,0.886926,0.0132509,0,0,0,0,0,0,0,0,0,0,0,0,0,
0,0,0,0,0.00181488,0.100726,0.88657,0.0108893,0,0,0,0,0,0,0,0,0,0,0,0,
0,0,0,0,0,0,0.104375,0.886416,0.00920952,0,0,0,0,0,0,0,0,0,0,0,
0,0,0,0,0.000760456,0,0.000760456,0.107985,0.875285,0.0152091,0,0,0,0,0,0,0,0,0,0,
0,0,0,0,0,0,0,0,0.0982483,0.891089,0.00990099,0.000761615,0,0,0,0,0,0,0,0,
0,0,0,0,0,0,0,0,0,0.113071,0.877306,0.0096231,0,0,0,0,0,0,0,0,
0,0,0,0,0,0,0,0,0,0,0.123836,0.86406,0.0121043,0,0,0,0,0,0,0,
0,0,0,0,0,0,0,0,0,0,0,0.0841938,0.908658,0.00714853,0,0,0,0,0,0,
0,0,0,0,0,0,0,0,0,0,0,0,0.104491,0.88342,0.0120898,0,0,0,0,0,
0,0,0,0,0,0,0,0,0,0,0.000822368,0,0,0.0912829,0.898849,0.00740132,0,0.00164474,0,0,
0,0,0,0,0,0,0,0,0,0,0,0.000876424,0,0,0.121823,0.868536,0.00876424,0,0,0,
0,0,0,0,0,0,0,0,0,0,0,0,0,0,0,0.0880705,0.894315,0.0160128,0.00080064,0.00080064,
0,0,0,0,0,0,0,0,0,0,0,0,0,0,0,0,0.118411,0.871658,0.00993124,0,
0,0,0,0,0,0,0,0,0,0,0,0,0,0,0,0,0,0.108042,0.880585,0.0113729,
0.0112697,0.000751315,0,0,0,0,0,0,0,0,0,0,0,0,0,0,0,0.000751315,0.0984222,0.888805,


0.902789,0.0111554,0.000796813,0,0,0,0,0,0,0,0,0,0,0,0,0,0.000796813,0,0,0.0844622,
0.0966258,0.889571,0.0122699,0.000766871,0,0,0.000766871,0,0,0,0,0,0,0,0,0,0,0,0,0,
0,0.0987842,0.890577,0.0106383,0,0,0,0,0,0,0,0,0,0,0,0,0,0,0,0,
0,0,0.0843547,0.90411,0.0115357,0,0,0,0,0,0,0,0,0,0,0,0,0,0,0,
0,0,0,0.0826568,0.902583,0.0132841,0.00147601,0,0,0,0,0,0,0,0,0,0,0,0,0,
0,0,0,0.000875657,0.11296,0.872154,0.0140105,0,0,0,0,0,0,0,0,0,0,0,0,0,
0,0,0,0.000860585,0,0.0895009,0.89759,0.0111876,0,0,0,0,0,0,0,0,0.000860585,0,0,0,
0,0,0,0,0,0,0.093949,0.888535,0.0175159,0,0,0,0,0,0,0,0,0,0,0,
0,0,0,0,0,0,0,0.0931929,0.893031,0.0121556,0.00162075,0,0,0,0,0,0,0,0,0,
0,0,0,0,0,0,0,0.000747384,0.0829596,0.903587,0.0127055,0,0,0,0,0,0,0,0,0,
0,0,0,0,0,0,0,0,0,0.0874317,0.897736,0.0148322,0,0,0,0,0,0,0,0,
0,0,0,0,0,0,0,0,0,0.000860585,0.101549,0.879518,0.0180723,0,0,0,0,0,0,0,
0,0,0,0,0,0,0,0,0,0,0,0.0825369,0.906169,0.0112945,0,0,0,0,0,0,
0,0,0,0,0,0,0,0,0,0,0,0.000853242,0.100683,0.883959,0.0136519,0,0.000853242,0,0,0,
0,0,0,0,0,0,0,0,0,0,0,0,0,0.087308,0.901374,0.0105093,0.000808407,0,0,0,
0,0,0,0,0,0,0,0,0,0,0,0,0.000919963,0,0.109476,0.877645,0.0119595,0,0,0,
0,0,0,0,0,0,0,0,0,0,0,0,0,0,0,0.0924765,0.894984,0.0117555,0.000783699,0,
0,0,0,0,0,0,0,0,0,0,0,0,0,0,0,0,0.091954,0.894253,0.0137931,0,
0.000835422,0,0,0,0,0,0,0,0,0,0,0,0,0,0,0,0,0.0885547,0.895572,0.0150376,
0.0129672,0,0,0.000762777,0,0,0,0,0,0,0,0,0,0,0,0.000762777,0,0,0.085431,0.900076,


0.878626,0.0183206,0,0.000763359,0,0,0,0,0,0,0,0,0,0.000763359,0,0,0,0,0,0.101527,
0.0779014,0.903021,0.018283,0.000794913,0,0,0,0,0,0,0,0,0,0,0,0,0,0,0,0,
0,0.0898021,0.900304,0.00913242,0.000761035,0,0,0,0,0,0,0,0,0,0,0,0,0,0,0,
0,0.0015528,0.0838509,0.90295,0.011646,0,0,0,0,0,0,0,0,0,0,0,0,0,0,0,
0,0.00081367,0,0.0748576,0.913751,0.00976404,0.00081367,0,0,0,0,0,0,0,0,0,0,0,0,0,
0.000840336,0,0,0,0.0865546,0.891597,0.0201681,0,0,0,0,0.000840336,0,0,0,0,0,0,0,0,
0.000896057,0,0,0,0,0.0976702,0.882616,0.0188172,0,0,0,0,0,0,0,0,0,0,0,0,
0,0,0,0,0,0.00154202,0.0871241,0.901311,0.0100231,0,0,0,0,0,0,0,0,0,0,0,
0,0,0,0,0,0,0,0.0698758,0.916149,0.0139752,0,0,0,0,0,0,0,0,0,0,
0,0,0,0,0,0,0,0.001514,0.0772142,0.908403,0.012869,0,0,0,0,0,0,0,0,0,
0,0,0,0,0.000829876,0.000829876,0,0,0,0.0755187,0.910373,0.0124481,0,0,0,0,0,0,0,0,
0,0,0,0,0,0,0,0.000914077,0,0,0.106947,0.8766,0.0155393,0,0,0,0,0,0,0,
0,0,0,0,0,0,0,0,0,0,0,0.0706619,0.91771,0.0107335,0.000894454,0,0,0,0,0,
0.000904977,0,0,0,0,0,0,0,0,0,0,0,0.0760181,0.914932,0.0081448,0,0,0,0,0,
0,0,0,0,0,0,0,0.000847458,0,0,0,0,0,0.0898305,0.891525,0.0177966,0,0,0,0,
0,0,0,0,0,0,0,0,0,0,0,0,0,0,0.0909091,0.898396,0.0106952,0,0,0,
0,0,0,0,0,0,0,0,0,0,0,0,0,0,0,0.0695364,0.908113,0.0206954,0.00165563,0,
0,0,0,0,0,0,0,0,0,0,0,0,0,0,0,0,0.0858704,0.900078,0.0140515,0,
0,0,0,0,0,0,0,0,0,0,0,0,0,0,0,0,0,0.0845188,0.902092,0.0133891,
0.0114855,0,0.000765697,0,0,0,0,0,0,0,0,0,0,0,0,0,0,0.000765697,0.085758,0.901225,


0.903069,0.0153473,0,0,0,0,0,0,0,0,0,0,0,0,0,0.000807754,0,0,0.000807754,0.0799677,
0.0730659,0.91404,0.0121777,0,0,0,0,0,0,0,0,0,0,0,0,0,0,0,0.000716332,0,
0,0.0814815,0.906667,0.0118519,0,0,0,0,0,0,0,0,0,0,0,0,0,0,0,0,
0,0,0.0648221,0.918577,0.0166008,0,0,0,0,0,0,0,0,0,0,0,0,0,0,0,
0,0,0,0.0889224,0.897513,0.0135644,0,0,0,0,0,0,0,0,0,0,0,0,0,0,
0,0,0,0,0.0850709,0.900751,0.0133445,0.000834028,0,0,0,0,0,0,0,0,0,0,0,0,
0,0,0,0,0,0.0740103,0.913081,0.0120482,0,0,0,0,0,0,0,0,0,0,0,0.000860585,
0,0,0,0,0,0.000805153,0.0748792,0.908213,0.0161031,0,0,0,0,0,0,0,0,0,0,0,
0,0,0,0,0,0,0,0.0725995,0.913349,0.0140515,0,0,0,0,0,0,0,0,0,0,
0,0,0,0,0,0,0,0,0.0703364,0.915902,0.0137615,0,0,0,0,0,0,0,0,0,
0,0,0,0,0,0,0,0,0,0.0772201,0.905019,0.0177606,0,0,0,0,0,0,0,0,
0,0,0,0,0,0,0,0,0,0.000904159,0.0822785,0.902351,0.0144665,0,0,0,0,0,0,0,
0,0,0,0,0,0,0,0,0.000823045,0,0.000823045,0.0716049,0.91358,0.0131687,0,0,0,0,0,0,
0,0,0,0,0,0,0,0,0,0,0,0,0.0780322,0.901612,0.0195081,0.000848176,0,0,0,0,
0,0,0,0,0,0,0,0,0,0,0,0,0.000849618,0.0696687,0.915038,0.0144435,0,0,0,0,
0,0,0,0,0,0,0,0,0,0,0,0,0,0,0.0754553,0.904597,0.019948,0,0,0,
0,0,0,0,0,0,0,0,0,0,0,0,0,0,0,0.0709779,0.915615,0.0126183,0.000788644,0,
0,0,0,0,0,0,0,0,0,0,0,0,0,0,0.000749064,0.000749064,0.0741573,0.909363,0.0149813,0,
0,0,0,0,0,0,0,0,0,0,0,0,0,0,0,0,0,0.0891608,0.892483,0.0183566,
0.00984848,0,0,0,0,0,0,0,0,0,0,0,0,0,0,0,0,0,0.0795455,0.910606,


0.924574,0.0145985,0,0,0,0,0,0,0,0,0,0,0,0,0,0,0,0,0,0.0608273,
0.0607652,0.91898,0.0202551,0,0,0,0,0,0,0,0,0,0,0,0,0,0,0,0,0,
0.000730994,0.0621345,0.916667,0.0204678,0,0,0,0,0,0,0,0,0,0,0,0,0,0,0,0,
0,0.000754717,0.0618868,0.919245,0.0181132,0,0,0,0,0,0,0,0,0,0,0,0,0,0,0,
0,0,0,0.0744186,0.906202,0.0193798,0,0,0,0,0,0,0,0,0,0,0,0,0,0,
0,0,0,0.000877963,0.0684811,0.910448,0.0201932,0,0,0,0,0,0,0,0,0,0,0,0,0,
0,0.000899281,0,0,0,0.057554,0.922662,0.0179856,0.000899281,0,0,0,0,0,0,0,0,0,0,0,
0,0,0,0,0,0.000787402,0.0645669,0.916535,0.0181102,0,0,0,0,0,0,0,0,0,0,0,
0,0,0,0,0,0,0,0.0652516,0.91195,0.0220126,0.000786163,0,0,0,0,0,0,0,0,0,
0,0,0,0,0,0,0,0,0.0583333,0.924242,0.0159091,0.00151515,0,0,0,0,0,0,0,0,
0,0,0,0,0,0,0,0,0,0.0663189,0.915052,0.0178838,0.000745156,0,0,0,0,0,0,0,
0,0,0,0,0,0,0,0,0,0,0.0907372,0.889414,0.0198488,0,0,0,0,0,0,0,
0,0,0,0,0,0,0,0,0,0,0,0.0511551,0.930693,0.0181518,0,0,0,0,0,0,
0,0,0,0,0,0,0,0,0,0,0,0,0.0697248,0.915596,0.0146789,0,0,0,0,0,
0,0,0,0,0,0,0,0,0,0,0,0,0,0.0708402,0.916804,0.0123558,0,0,0,0,
0,0,0,0.000887311,0,0,0,0,0.000887311,0,0,0,0,0,0.0709849,0.909494,0.0177462,0,0,0,
0,0,0,0.000831947,0,0,0,0,0,0,0,0,0,0,0,0.0582363,0.922629,0.0183028,0,0,
0,0,0,0,0,0,0,0,0,0,0,0,0,0.000787402,0,0.000787402,0.0700787,0.909449,0.0188976,0,
0,0,0,0,0,0,0,0,0,0,0,0,0,0,0,0,0,0.0645709,0.916737,0.0186916,
0.0217391,0.000749625,0,0,0,0,0,0,0,0,0,0,0,0,0,0,0,0.000749625,0.05997,0.916792,


0.903173,0.0268511,0,0,0,0,0,0,0,0,0,0,0,0,0,0,0,0,0.00081367,0.0691619,
0.0592474,0.916733,0.0224179,0,0,0,0.00080064,0,0,0,0,0,0,0,0,0,0,0,0.00080064,0,
0.000763942,0.0664629,0.912911,0.0190985,0,0,0.000763942,0,0,0,0,0,0,0,0,0,0,0,0,0,
0,0,0.0544776,0.926866,0.0186567,0,0,0,0,0,0,0,0,0,0,0,0,0,0,0,
0,0,0,0.064636,0.921991,0.01263,0,0,0,0.000742942,0,0,0,0,0,0,0,0,0,0,
0,0,0,0,0.0700758,0.910985,0.0189394,0,0,0,0,0,0,0,0,0,0,0,0,0,
0,0,0,0,0.000866551,0.067591,0.908146,0.0233969,0,0,0,0,0,0,0,0,0,0,0,0,
0,0,0,0,0,0.00075815,0.0561031,0.925701,0.0166793,0.00075815,0,0,0,0,0,0,0,0,0,0,
0,0,0,0,0,0,0,0.0622155,0.920334,0.016692,0.000758725,0,0,0,0,0,0,0,0,0,
0,0,0,0,0,0.000758725,0,0.000758725,0.0705615,0.912747,0.0151745,0,0,0,0,0,0,0,0,0,
0,0,0,0,0,0,0,0,0.000766284,0.0651341,0.915709,0.0183908,0,0,0,0,0,0,0,0,
0,0,0,0,0,0,0,0,0,0.000888099,0.062167,0.920959,0.0159858,0,0,0,0,0,0,0,
0,0,0,0,0,0,0,0,0,0,0,0.0591667,0.92,0.0208333,0,0,0,0,0,0,
0,0,0,0,0,0,0,0,0,0,0,0,0.0630861,0.914748,0.0213129,0,0.000852515,0,0,0,
0,0,0,0,0,0,0,0,0,0,0,0,0.000865052,0.0692042,0.903114,0.0259516,0.000865052,0,0,0,
0,0,0,0,0,0,0,0,0,0,0,0,0,0,0.064711,0.924935,0.0103538,0,0,0,
0,0,0,0,0,0,0,0,0,0,0,0,0,0,0.000805153,0.0466989,0.930757,0.0217391,0,0,
0,0,0,0,0,0,0,0,0,0,0,0,0,0,0,0,0.0585997,0.922374,0.0190259,0,
0,0,0,0,0,0,0,0,0,0,0,0,0,0,0,0,0,0.066335,0.914594,0.0190713,
0.0153621,0,0,0,0,0,0,0,0,0,0,0,0,0,0,0,0,0,0.0482809,0.936357,


0.916149,0.0248447,0,0,0,0,0,0,0,0,0,0,0,0,0,0,0,0,0.0015528,0.0574534,
0.0507961,0.928734,0.0189538,0.00075815,0,0,0,0,0,0,0,0,0,0,0,0,0,0,0,0.00075815,
0.00148038,0.0547742,0.918579,0.022946,0.00148038,0,0,0,0,0,0,0,0,0,0,0,0,0,0,0.000740192,
0,0,0.0501139,0.922551,0.0273349,0,0,0,0,0,0,0,0,0,0,0,0,0,0,0,
0,0,0,0.0543018,0.917489,0.0275035,0,0,0.000705219,0,0,0,0,0,0,0,0,0,0,0,
0,0,0,0,0.0673759,0.910461,0.0221631,0,0,0,0,0,0,0,0,0,0,0,0,0,
0.000816993,0,0,0,0,0.0441176,0.929739,0.0253268,0,0,0,0,0,0,0,0,0,0,0,0,
0,0,0,0,0.000809717,0,0.0550607,0.926316,0.0178138,0,0,0,0,0,0,0,0,0,0,0,
0,0,0,0,0,0,0,0.0535988,0.918836,0.0267994,0.000765697,0,0,0,0,0,0,0,0,0,
0,0,0,0,0.000722022,0,0,0,0.0570397,0.915523,0.0259928,0,0,0,0,0,0,0,0,0.000722022,
0,0,0,0,0,0,0,0.000821018,0.000821018,0.0566502,0.920361,0.0205255,0.000821018,0,0,0,0,0,0,0,
0,0,0,0,0,0,0,0,0,0,0.0673953,0.917122,0.0154827,0,0,0,0,0,0,0,
0,0,0,0,0,0,0,0,0,0,0,0.0535578,0.920428,0.0260138,0,0,0,0,0,0,
0,0,0,0.000854701,0,0,0,0,0,0,0,0,0.0521368,0.925641,0.0205128,0.000854701,0,0,0,0,
0,0,0,0,0,0,0,0,0,0,0,0.000848176,0,0.0500424,0.925361,0.0229008,0.000848176,0,0,0,
0,0,0,0,0,0,0,0,0,0,0,0,0,0,0.0616197,0.913732,0.0246479,0,0,0,
0,0.000794281,0,0,0,0,0,0,0,0,0,0,0,0,0.000794281,0.0611597,0.910246,0.0262113,0,0.000794281,
0,0,0,0,0,0,0,0,0,0,0,0,0,0,0,0,0.0487622,0.925731,0.0255064,0,
0,0,0,0,0,0,0,0,0,0,0,0,0,0,0,0,0.000780031,0.0608424,0.914197,0.024181,
0.0278207,0,0,0,0,0,0,0,0,0,0,0,0,0,0,0,0,0.0015456,0.0510046,0.919629,


0.933871,0.0290323,0,0,0,0,0,0,0,0,0,0,0,0,0,0,0,0,0,0.0370968,
0.04858,0.919282,0.0313901,0,0,0,0,0,0,0,0,0,0,0,0,0,0,0,0,0.000747384,
0,0.0515542,0.925701,0.0212282,0,0.00075815,0.00075815,0,0,0,0,0,0,0,0,0,0,0,0,0,
0,0.000729927,0.0350365,0.936496,0.0262774,0.000729927,0.000729927,0,0,0,0,0,0,0,0,0,0,0,0,0,
0,0,0,0.0353461,0.929308,0.0338733,0,0,0.000736377,0.000736377,0,0,0,0,0,0,0,0,0,0,
0,0,0,0,0.0511211,0.914798,0.0340807,0,0,0,0,0,0,0,0,0,0,0,0,0,
0,0,0,0,0,0.056,0.917333,0.0266667,0,0,0,0,0,0,0,0,0,0,0,0,
0,0,0,0,0,0.000810373,0.0494327,0.925446,0.0243112,0,0,0,0,0,0,0,0,0,0,0,
0,0,0,0,0,0,0,0.0392308,0.935385,0.0253846,0,0,0,0,0,0,0,0,0,0,
0,0,0,0,0,0,0,0.00073692,0.0515844,0.915991,0.0316875,0,0,0,0,0,0,0,0,0,
0,0,0,0,0,0,0,0,0,0.0493421,0.92023,0.0304276,0,0,0,0,0,0,0,0,
0,0,0,0,0,0,0,0,0,0,0.0399637,0.935513,0.0245232,0,0,0,0,0,0,0,
0,0,0,0,0,0,0,0,0,0,0,0.041769,0.932842,0.025389,0,0,0,0,0,0,
0,0,0,0,0,0,0,0,0,0,0,0.000855432,0.0402053,0.934132,0.0239521,0.000855432,0,0,0,0,
0,0,0,0,0,0,0,0,0,0,0,0,0,0.0449799,0.923695,0.0313253,0,0,0,0,
0,0,0,0,0,0,0,0,0,0,0,0,0,0,0.0544983,0.91782,0.0276817,0,0,0,
0,0,0,0,0,0,0,0,0,0,0,0,0,0,0,0.031759,0.925896,0.0407166,0.00162866,0,
0,0,0,0,0,0,0,0,0,0,0,0,0,0,0,0,0.0516081,0.922214,0.0254301,0.000747943,
0,0,0,0,0,0,0,0,0,0,0,0,0,0,0,0,0,0.0521669,0.924559,0.0232745,
0.0316027,0,0,0,0,0,0,0,0,0,0,0,0,0,0,0,0,0.000752445,0.0421369,0.925508,


0.925164,0.0296053,0.000822368,0,0,0,0,0,0,0,0,0,0,0,0,0,0,0,0,0.0444079,
0.0431165,0.929652,0.0272315,0,0,0,0,0,0,0,0,0,0,0,0,0,0,0,0,0,
0,0.0463378,0.917788,0.0351271,0.000747384,0,0,0,0,0,0,0,0,0,0,0,0,0,0,0,
0,0,0.0259638,0.948859,0.025177,0,0,0,0,0,0,0,0,0,0,0,0,0,0,0,
0,0,0.000752445,0.0406321,0.92927,0.0278405,0.000752445,0.000752445,0,0,0,0,0,0,0,0,0,0,0,0,
0,0,0,0,0.053913,0.915652,0.0295652,0.000869565,0,0,0,0,0,0,0,0,0,0,0,0,
0,0,0,0,0.000855432,0.0521814,0.915312,0.031651,0,0,0,0,0,0,0,0,0,0,0,0,
0,0,0,0,0,0.000803859,0.0329582,0.938103,0.0273312,0.000803859,0,0,0,0,0,0,0,0,0,0,
0,0,0,0,0,0,0,0.031857,0.930847,0.036519,0.000777001,0,0,0,0,0,0,0,0,0,
0,0,0,0,0,0,0,0,0.0433412,0.925926,0.0307329,0,0,0,0,0,0,0,0,0,
0,0,0,0,0,0,0,0,0.000796813,0.0390438,0.933068,0.0270916,0,0,0,0,0,0,0,0,
0.000943396,0,0,0,0,0,0,0,0.000943396,0,0.0518868,0.922642,0.0235849,0,0,0,0,0,0,0,
0,0,0,0,0,0,0,0,0,0,0,0.0393965,0.932104,0.0276614,0.000838223,0,0,0,0,0,
0,0,0,0,0,0,0,0,0,0,0,0,0.0359066,0.931777,0.032316,0,0,0,0,0,
0,0,0,0,0,0,0,0,0,0,0,0,0,0.0326264,0.926591,0.040783,0,0,0,0,
0,0,0,0,0,0,0,0,0.000858369,0,0,0,0,0,0.0403433,0.92618,0.032618,0,0,0,
0,0,0,0,0,0,0,0,0,0,0,0,0,0,0,0.0374707,0.938329,0.0241998,0,0,
0.000778816,0,0,0,0,0,0,0,0,0,0,0,0,0,0,0.000778816,0.0436137,0.922897,0.0319315,0,
0,0,0,0,0,0,0,0.000859845,0,0,0,0,0,0,0,0,0,0.044712,0.926053,0.0283749,
0.0367816,0,0,0,0,0,0,0,0,0,0.000766284,0,0,0,0,0,0,0.000766284,0.0467433,0.914943,


0.915132,0.0488391,0,0,0,0,0,0,0,0,0,0,0,0,0,0,0,0,0,0.0360288,
0.0357995,0.928401,0.035004,0.000795545,0,0,0,0,0,0,0,0,0,0,0,0,0,0,0,0,
0,0.0367868,0.937688,0.0247748,0.000750751,0,0,0,0,0,0,0,0,0,0,0,0,0,0,0,
0,0,0.0348567,0.927188,0.0379551,0,0,0,0,0,0,0,0,0,0,0,0,0,0,0,
0,0,0.000750751,0.039039,0.924174,0.036036,0,0,0,0,0,0,0,0,0,0,0,0,0,0,
0,0,0,0.0008726,0.0445026,0.915358,0.0383944,0.0008726,0,0,0,0,0,0,0,0,0,0,0,0,
0,0,0,0,0,0.0386473,0.924316,0.037037,0,0,0,0,0,0,0,0,0,0,0,0,
0,0.000775194,0,0,0,0.000775194,0.0372093,0.929457,0.0310078,0.000775194,0,0,0,0,0,0,0,0,0,0,
0,0,0,0,0,0.000780031,0.000780031,0.0475819,0.918097,0.0319813,0,0.000780031,0,0,0,0,0,0,0,0,
0,0,0,0,0,0,0,0.00074129,0.0400297,0.930319,0.0289103,0,0,0,0,0,0,0,0,0,
0,0,0,0,0,0,0,0,0,0.0314359,0.923534,0.0441801,0.000849618,0,0,0,0,0,0,0,
0,0,0,0,0,0,0,0,0.000919963,0.000919963,0.0386385,0.916283,0.0432383,0,0,0,0,0,0,0,
0,0,0,0,0,0,0,0,0,0,0,0.033123,0.934543,0.0323344,0,0,0,0,0,0,
0,0.000853242,0,0,0,0,0,0,0,0,0.000853242,0,0.0238908,0.935154,0.0392491,0,0,0,0,0,
0,0,0,0,0,0,0,0,0,0,0,0,0.000853971,0.0367208,0.927412,0.0350128,0,0,0,0,
0,0,0,0,0,0,0,0,0,0,0,0,0,0,0.0452991,0.916239,0.0384615,0,0,0,
0,0,0,0,0,0,0,0,0,0,0,0.000809717,0,0.000809717,0,0.0299595,0.920648,0.0477733,0,0,
0,0,0,0,0,0,0,0,0,0,0,0,0,0,0,0,0.0349854,0.923469,0.0415452,0,
0,0,0,0,0,0,0,0,0,0,0,0,0,0,0,0,0,0.0338092,0.924117,0.0420736,
0.0354046,0,0.000722543,0,0,0,0,0,0,0,0,0,0,0,0,0,0,0,0.0325144,0.931358,


0.927184,0.0355987,0,0,0,0,0.000809062,0,0,0,0,0,0,0,0,0,0.000809062,0,0,0.0355987,
0.0241935,0.928886,0.0461877,0,0,0,0,0,0,0,0,0,0,0,0,0,0,0,0,0.000733138,
0,0.0363248,0.929487,0.034188,0,0,0,0,0,0,0,0,0,0,0,0,0,0,0,0,
0,0,0.0270078,0.928927,0.0440654,0,0,0,0,0,0,0,0,0,0,0,0,0,0,0,
0,0,0,0.0324441,0.922855,0.0439798,0.000720981,0,0,0,0,0,0,0,0,0,0,0,0,0,
0.000894454,0,0,0,0.0384615,0.907871,0.0518784,0.000894454,0,0,0,0,0,0,0,0,0,0,0,0,
0,0,0,0,0.000847458,0.0338983,0.911017,0.0542373,0,0,0,0,0,0,0,0,0,0,0,0,
0,0,0,0,0,0,0.0339404,0.925497,0.0397351,0.000827815,0,0,0,0,0,0,0,0,0,0,
0,0,0,0,0,0,0,0.0274684,0.932442,0.0393467,0,0,0.000742391,0,0,0,0,0,0,0,
0,0,0,0,0,0,0,0,0.034632,0.928571,0.0367965,0,0,0,0,0,0,0,0,0,
0,0,0,0,0,0,0,0,0,0.0338583,0.922835,0.0425197,0.000787402,0,0,0,0,0,0,0,
0,0,0,0,0,0,0,0,0,0,0.0387973,0.927255,0.0339476,0,0,0,0,0,0,0,
0,0,0,0,0,0,0,0,0,0,0,0.0267927,0.939322,0.0338849,0,0,0,0,0,0,
0,0,0,0,0,0,0,0,0,0,0,0,0.0259516,0.927336,0.0458478,0.000865052,0,0,0,0,
0,0,0,0,0,0,0,0,0,0,0,0,0,0.0278689,0.927869,0.0426229,0.00163934,0,0,0,
0,0,0,0,0,0,0,0,0,0,0,0,0,0,0.0338028,0.932394,0.0319249,0.00187793,0,0,
0,0,0,0,0,0,0,0,0,0,0,0,0,0,0,0.0233786,0.932127,0.0437406,0.000754148,0,
0,0,0,0,0,0,0,0,0,0,0,0,0,0,0,0,0.0350598,0.926693,0.038247,0,
0,0,0,0,0,0,0,0,0,0,0,0,0,0,0,0,0,0.0335986,0.910698,0.0557029,
0.0310651,0,0,0,0,0,0,0,0,0,0,0,0,0,0.000739645,0,0,0,0.0288462,0.939349,


0.936471,0.0431373,0.000784314,0,0,0,0,0,0,0,0,0,0,0,0,0,0,0,0,0.0196078,
0.0220532,0.912548,0.0653992,0,0,0,0,0,0,0,0,0,0,0,0,0,0,0,0,0,
0,0.0351003,0.922636,0.0422636,0,0,0,0,0,0,0,0,0,0,0,0,0,0,0,0,
0,0,0.026455,0.927438,0.0445956,0,0,0,0.000755858,0,0,0,0,0,0,0,0,0,0,0.000755858,
0,0,0,0.0236407,0.935382,0.0409771,0,0,0,0,0,0,0,0,0,0,0,0,0,0,
0,0,0,0.000847458,0.040678,0.914407,0.0423729,0.000847458,0.000847458,0,0,0,0,0,0,0,0,0,0,0,
0,0,0,0.000863558,0,0.0276339,0.923143,0.0483592,0,0,0,0,0,0,0,0,0,0,0,0,
0,0,0,0,0,0.000838926,0.0302013,0.91443,0.0536913,0,0,0,0.000838926,0,0,0,0,0,0,0,
0,0,0,0,0,0,0,0.0296712,0.922213,0.0481155,0,0,0,0,0,0,0,0,0,0,
0,0,0,0,0,0,0,0.000726216,0.0305011,0.921569,0.0472041,0,0,0,0,0,0,0,0,0,
0,0,0,0,0,0,0,0,0,0.0357433,0.923639,0.0406174,0,0,0,0,0,0,0,0,
0,0,0,0,0,0,0,0,0,0,0.0317164,0.916978,0.051306,0,0,0,0,0,0,0,
0,0,0,0,0,0,0,0,0,0,0.000821018,0.0229885,0.929392,0.045977,0,0,0.000821018,0,0,0,
0,0,0,0,0,0,0,0,0,0,0,0.000865052,0.0320069,0.92301,0.0441176,0,0,0,0,0,
0,0,0,0,0,0,0,0,0.00081367,0,0,0,0.00081367,0.0235964,0.92677,0.0480065,0,0,0,0,
0,0,0,0,0,0,0.000874126,0,0,0,0,0,0,0,0.0367133,0.917832,0.0445804,0,0,0,
0,0,0,0,0,0,0,0,0,0,0,0,0,0,0.000778816,0.0233645,0.919003,0.0568536,0,0,
0,0,0,0,0,0,0,0,0,0,0,0,0,0,0,0,0.0308057,0.92891,0.0394945,0.000789889,
0,0,0,0,0,0,0,0,0,0,0,0,0,0,0,0,0.000810373,0.0340357,0.917342,0.047812,
0.0537879,0,0,0,0,0,0,0.000757576,0,0,0,0,0,0,0,0,0,0.000757576,0.0242424,0.920455,


0.920032,0.0533118,0,0,0,0,0,0,0.000807754,0,0,0,0,0,0,0,0,0,0.000807754,0.0250404,
0.0276968,0.903061,0.0677843,0.000728863,0,0,0,0,0,0,0,0,0,0,0,0,0,0,0,0.000728863,
0.000755858,0.0272109,0.928949,0.0430839,0,0,0,0,0,0,0,0,0,0,0,0,0,0,0,0,
0,0,0.0190198,0.920995,0.0592538,0,0,0,0.000731529,0,0,0,0,0,0,0,0,0,0,0,
0,0,0,0.01983,0.923513,0.055949,0,0.000708215,0,0,0,0,0,0,0,0,0,0,0,0,
0,0,0,0.00170794,0.0239112,0.908625,0.0649018,0,0,0,0,0,0,0,0,0,0,0,0,0.000853971,
0,0,0,0,0,0.0233362,0.923077,0.0518583,0.00172861,0,0,0,0,0,0,0,0,0,0,0,
0,0,0,0,0,0,0.0232919,0.927795,0.048913,0,0,0,0,0,0,0,0,0,0,0,
0,0,0,0,0,0,0,0.0244648,0.918196,0.0550459,0.000764526,0,0,0.000764526,0,0.000764526,0,0,0,0,
0,0,0,0,0,0,0,0,0.0221713,0.938073,0.0389908,0.000764526,0,0,0,0,0,0,0,0,
0,0,0,0.000799361,0,0,0,0,0,0.0191847,0.922462,0.0567546,0.000799361,0,0,0,0,0,0,0,
0,0,0,0.000921659,0,0,0,0,0,0,0.0304147,0.925346,0.043318,0,0,0,0,0,0,0,
0,0,0,0,0,0,0,0,0,0,0,0.0187909,0.923203,0.0571895,0,0.000816993,0,0,0,0,
0,0,0,0,0,0,0,0,0,0,0,0,0.0350379,0.917614,0.0464015,0.00094697,0,0,0,0,
0,0,0,0,0,0,0.000864304,0,0,0,0,0,0,0.0224719,0.908384,0.06828,0,0,0,0,
0,0,0,0,0,0,0,0,0,0,0,0,0,0,0.022787,0.920245,0.0569676,0,0,0,
0,0,0,0,0,0,0,0,0,0,0,0,0,0,0,0.0220152,0.914479,0.0635055,0,0,
0,0,0,0,0,0,0,0,0,0,0,0,0,0,0,0,0.0250951,0.923954,0.0509506,0,
0,0,0,0,0,0,0,0,0,0,0,0,0,0,0,0,0,0.0229068,0.920221,0.056872,
0.0512821,0,0,0,0,0,0,0,0,0,0,0,0,0,0,0.000801282,0,0.000801282,0.025641,0.921474,


0.910103,0.070008,0,0,0,0,0,0,0,0,0,0,0,0,0,0,0,0,0,0.0198886,
0.0198676,0.913171,0.0662252,0,0,0.000735835,0,0,0,0,0,0,0,0,0,0,0,0,0,0,
0,0.0233083,0.929323,0.0473684,0,0,0,0,0,0,0,0,0,0,0,0,0,0,0,0,
0,0,0.0192012,0.920891,0.0599078,0,0,0,0,0,0,0,0,0,0,0,0,0,0,0,
0.000738552,0,0.000738552,0.0162482,0.914328,0.0679468,0,0,0,0,0,0,0,0,0,0,0,0,0,0,
0,0,0,0,0.0214861,0.920322,0.0572963,0,0.000895255,0,0,0,0,0,0,0,0,0,0,0,
0,0,0,0,0,0.0261497,0.896303,0.0766456,0,0,0,0,0,0,0,0,0,0,0,0.000901713,
0,0,0,0,0,0,0.0251419,0.91322,0.0608273,0.00081103,0,0,0,0,0,0,0,0,0,0,
0,0,0,0,0,0,0,0.0184332,0.916283,0.0652842,0,0,0,0,0,0,0,0,0,0,
0,0,0,0,0,0,0,0,0.0225155,0.909938,0.0667702,0.000776398,0,0,0,0,0,0,0,0,
0,0,0,0,0,0,0,0.000788644,0.000788644,0.0165615,0.925079,0.0567823,0,0,0,0,0,0,0,0,
0,0,0,0,0,0,0,0,0,0.000928505,0.0250696,0.923863,0.0501393,0,0,0,0,0,0,0,
0,0,0,0,0,0,0,0,0,0,0,0.0131904,0.925804,0.0610058,0,0,0,0,0,0,
0,0,0,0,0,0,0,0,0,0,0,0,0.0268097,0.899911,0.0723861,0,0,0.000893655,0,0,
0,0,0,0,0,0,0,0,0,0,0,0,0,0.023431,0.908787,0.0677824,0,0,0,0,
0,0,0,0,0,0,0,0,0,0,0,0,0,0,0.0229358,0.919266,0.0577982,0,0,0,
0,0,0,0,0,0,0,0,0,0,0,0,0,0,0,0.0161551,0.912763,0.0702746,0.000807754,0,
0,0,0,0,0,0,0,0,0,0,0,0,0,0,0,0,0.022338,0.918094,0.0595681,0,
0,0,0,0,0,0,0,0,0,0,0,0,0,0,0,0,0,0.0162206,0.918897,0.0648824,
0.058427,0.000749064,0,0,0,0,0,0,0,0,0,0,0,0,0,0,0,0,0.0284644,0.91236,


0.913629,0.070523,0.000792393,0,0,0,0,0,0,0,0,0,0,0,0,0,0,0,0,0.0150555,
0.0232036,0.901198,0.0748503,0.000748503,0,0,0,0,0,0,0,0,0,0,0,0,0,0,0,0,
0,0.0177469,0.925154,0.0563272,0,0,0,0,0.000771605,0,0,0,0,0,0,0,0,0,0,0,
0,0,0.0135849,0.921509,0.0633962,0.00150943,0,0,0,0,0,0,0,0,0,0,0,0,0,0,
0,0,0.000755287,0.0135952,0.923716,0.0619335,0,0,0,0,0,0,0,0,0,0,0,0,0,0,
0,0,0.000888889,0,0.0231111,0.897778,0.0773333,0,0,0,0.000888889,0,0,0,0,0,0,0,0,0,
0,0,0,0,0,0.013181,0.899824,0.0869947,0,0,0,0,0,0,0,0,0,0,0,0,
0,0,0,0,0,0,0.0195618,0.898279,0.0813771,0.000782473,0,0,0,0,0,0,0,0,0,0,
0,0,0,0,0,0.000764526,0,0.0168196,0.905199,0.0764526,0,0,0,0,0,0,0,0,0,0.000764526,
0,0,0,0,0,0,0,0,0.0179267,0.915822,0.0646921,0.00155885,0,0,0,0,0,0,0,0,
0,0,0,0,0,0,0,0,0,0.0162075,0.914911,0.0688817,0,0,0,0,0,0,0,0,
0,0,0,0,0,0.000912409,0,0,0.000912409,0,0.020073,0.906934,0.0711679,0,0,0,0,0,0,0,
0,0,0,0,0,0,0,0,0,0,0,0.0143426,0.923506,0.0613546,0.000796813,0,0,0,0,0,
0,0,0.000873362,0,0,0,0,0,0,0,0,0.000873362,0.0139738,0.90655,0.0777293,0,0,0,0,0,
0,0,0,0,0,0,0,0,0,0,0,0,0,0.0133222,0.912573,0.0741049,0,0,0,0,
0,0,0,0,0,0,0.00088574,0,0,0,0,0,0,0,0.0248007,0.897254,0.0770593,0,0,0,
0,0,0,0,0,0,0,0,0,0,0,0,0,0.000852515,0,0.0161978,0.917306,0.0656436,0,0,
0,0,0,0,0,0,0,0,0,0,0,0,0,0,0,0,0.0155885,0.911146,0.0732658,0,
0.000809717,0,0,0,0,0,0,0,0,0,0,0,0,0,0,0,0,0.0161943,0.922267,0.0607287,
0.0570999,0,0,0,0,0,0,0,0,0,0,0,0,0,0,0,0,0,0.0172802,0.92562,


0.924879,0.0638126,0.000807754,0,0,0,0,0,0,0,0,0,0,0,0,0,0,0,0.00161551,0.0088853,
0.0131004,0.909025,0.0778748,0,0,0,0,0,0,0,0,0,0,0,0,0,0,0,0,0,
0,0.0154072,0.919296,0.0652971,0,0,0,0,0,0,0,0,0,0,0,0,0,0,0,0,
0,0,0.017991,0.916792,0.0644678,0,0,0,0,0.000749625,0,0,0,0,0,0,0,0,0,0,
0,0,0,0.0154982,0.913653,0.0708487,0,0,0,0,0,0,0,0,0,0,0,0,0,0,
0,0,0,0.000882613,0.0105914,0.911739,0.0767873,0,0,0,0,0,0,0,0,0,0,0,0,0,
0,0,0,0,0,0.0250223,0.89723,0.077748,0,0,0,0,0,0,0,0,0,0,0,0,
0,0,0,0,0.000818331,0,0.00981997,0.914075,0.0744681,0.000818331,0,0,0,0,0,0,0,0,0,0,
0,0,0,0.000795545,0,0,0.000795545,0.0119332,0.90533,0.0811456,0,0,0,0,0,0,0,0,0,0,
0,0,0,0,0,0,0,0,0.0151515,0.913876,0.0709729,0,0,0,0,0,0,0,0,0,
0,0,0,0,0,0,0,0,0,0.0115226,0.91358,0.0740741,0.000823045,0,0,0,0,0,0,0,
0,0,0,0,0,0,0,0,0,0,0.0182517,0.900096,0.0806916,0,0.000960615,0,0,0,0,0,
0,0,0,0,0,0,0,0,0,0,0,0.0110263,0.91179,0.0771841,0,0,0,0,0,0,
0,0,0,0,0,0,0,0,0,0,0,0.000896057,0.0224014,0.913082,0.0636201,0,0,0,0,0,
0,0,0,0,0,0,0,0,0,0,0,0,0,0.00868878,0.907583,0.0837283,0,0,0,0,
0,0,0,0,0,0.000864304,0,0,0,0,0,0,0,0,0.0190147,0.911841,0.06828,0,0,0,
0,0,0,0,0,0,0,0,0,0,0,0,0,0,0,0.00943396,0.909591,0.0809748,0,0,
0,0,0,0,0,0,0,0,0,0,0,0,0,0,0,0,0.0229133,0.898527,0.0777414,0.000818331,
0,0,0,0,0,0,0,0,0,0,0,0,0,0,0,0,0.00083682,0.01841,0.904603,0.0761506,
0.0684932,0,0,0,0,0,0,0,0,0,0.000761035,0,0,0,0.000761035,0,0,0,0.00761035,0.922374,


0.908882,0.0849923,0,0,0,0,0,0,0,0,0,0,0,0,0,0,0,0,0.000765697,0.00535988,
0.00878477,0.890922,0.100293,0,0,0,0,0,0,0,0,0,0,0,0,0,0,0,0,0,
0,0.0138568,0.937644,0.0484988,0,0,0,0,0,0,0,0,0,0,0,0,0,0,0,0,
0,0,0.0108443,0.910922,0.0774593,0.000774593,0,0,0,0,0,0,0,0,0,0,0,0,0,0,
0,0,0,0.0144928,0.911518,0.0739893,0,0,0,0,0,0,0,0,0,0,0,0,0,0,
0,0,0,0,0.0193152,0.892011,0.0877963,0,0.000877963,0,0,0,0,0,0,0,0,0,0,0,
0,0,0,0,0.000846024,0.00930626,0.913706,0.0752961,0,0,0,0,0,0,0,0.000846024,0,0,0,0,
0,0,0,0,0,0,0.0237037,0.884444,0.0911111,0.000740741,0,0,0,0,0,0,0,0,0,0,
0,0,0,0,0,0,0,0.0078064,0.906323,0.0850898,0.00078064,0,0,0,0,0,0,0,0,0,
0,0,0,0,0,0,0,0,0.0151515,0.902273,0.0825758,0,0,0,0,0,0,0,0,0,
0,0,0,0,0,0,0,0,0,0.0110672,0.89249,0.0932806,0.00158103,0.000790514,0,0,0,0,0,0.000790514,
0,0,0,0,0,0,0,0,0,0.000917431,0.0183486,0.90367,0.0752294,0.000917431,0.000917431,0,0,0,0,0,
0,0,0,0,0,0,0,0,0,0,0,0.0158863,0.898829,0.0827759,0.00167224,0,0,0,0.00083612,0,
0,0,0,0,0,0,0,0,0,0,0,0,0.017452,0.89267,0.0898778,0,0,0,0,0,
0,0,0,0,0,0,0,0,0,0,0,0.000811688,0,0.0121753,0.910714,0.075487,0.000811688,0,0,0,
0,0,0,0,0,0,0,0,0,0,0,0,0,0,0.0138249,0.907834,0.0774194,0.000921659,0,0,
0,0,0,0,0,0,0,0,0,0,0,0,0,0,0.0016,0.0104,0.8928,0.0944,0.0008,0,
0,0,0,0,0,0,0,0,0,0,0,0,0,0,0,0.000724638,0.0202899,0.897826,0.0811594,0,
0,0,0,0,0,0,0,0,0,0,0,0,0,0.000761615,0,0,0,0.019802,0.899467,0.0799695,
0.0823529,0,0,0,0,0,0,0,0,0,0,0,0,0,0,0,0,0,0.00882353,0.908824,


0.892796,0.0994854,0,0.000857633,0,0,0,0,0,0,0,0,0,0,0,0,0,0,0,0.00686106,
0.0118519,0.893333,0.0940741,0,0,0,0,0,0,0,0,0,0,0,0,0.000740741,0,0,0,0,
0,0.0125461,0.891513,0.095941,0,0,0,0,0,0,0,0,0,0,0,0,0,0,0,0,
0,0,0.0112782,0.887218,0.1,0.00150376,0,0,0,0,0,0,0,0,0,0,0,0,0,0,
0,0,0,0.00976709,0.900075,0.0894065,0,0.000751315,0,0,0,0,0,0,0,0,0,0,0,0,
0,0,0,0,0.00914913,0.910339,0.0795974,0.000914913,0,0,0,0,0,0,0,0,0,0,0,0,
0,0,0,0,0,0.00655738,0.891803,0.10082,0.000819672,0,0,0,0,0,0,0,0,0,0,0,
0,0,0,0,0,0,0.00946372,0.892744,0.0970032,0.000788644,0,0,0,0,0,0,0,0,0,0,
0,0,0,0,0,0,0,0.0109204,0.897816,0.0912637,0,0,0,0,0,0,0,0,0,0,
0,0,0,0,0,0,0,0,0.0152091,0.887452,0.0973384,0,0,0,0,0,0,0,0,0,
0,0,0,0,0,0.000816327,0,0,0,0.00979592,0.889796,0.0987755,0,0,0,0.000816327,0,0,0,0,
0,0,0,0,0,0,0,0,0,0,0.0177074,0.89096,0.0913327,0,0,0,0,0,0,0,
0,0,0,0,0,0,0,0,0,0,0,0.0108153,0.933444,0.0557404,0,0,0,0,0,0,
0,0,0,0,0,0,0,0,0,0,0,0,0.0122485,0.895013,0.0927384,0,0,0,0,0,
0,0,0,0,0,0,0,0,0,0,0,0.000830565,0,0.00913621,0.904485,0.0855482,0,0,0,0,
0,0,0,0,0,0,0,0,0,0,0,0,0,0,0.0135747,0.895928,0.0904977,0,0,0,
0,0,0,0,0,0,0,0,0,0,0,0,0,0,0,0.010467,0.876006,0.113527,0,0,
0,0,0,0,0,0,0,0,0,0,0,0,0,0,0,0,0.00970089,0.891673,0.0986257,0,
0,0,0,0,0,0,0,0,0,0,0,0,0,0,0,0,0,0.0143824,0.891709,0.0939086,
0.0965825,0,0,0,0,0,0,0,0,0,0,0,0,0,0,0,0,0.000742942,0.0163447,0.88633,


0.866444,0.119366,0,0,0,0,0,0,0,0,0,0,0,0,0,0,0,0,0.000834725,0.0133556,
0.0107527,0.883257,0.105223,0,0.000768049,0,0,0,0,0,0,0,0,0,0,0,0,0,0,0,
0,0.0128109,0.88847,0.0979653,0.000753579,0,0,0,0,0,0,0,0,0,0,0,0,0,0,0,
0,0.0015186,0.00835232,0.876234,0.113136,0,0,0,0,0.000759301,0,0,0,0,0,0,0,0,0,0,
0,0,0,0.0113723,0.896133,0.0924943,0,0,0,0,0,0,0,0,0,0,0,0,0,0,
0,0,0,0.00084317,0.0084317,0.893761,0.0969646,0,0,0,0,0,0,0,0,0,0,0,0,0,
0,0,0,0,0.00172861,0.019879,0.866033,0.11236,0,0,0,0,0,0,0,0,0,0,0,0,
0,0,0,0,0,0.000793651,0.0103175,0.889683,0.0984127,0,0,0,0,0,0.000793651,0,0,0,0,0,
0,0,0,0,0,0,0.000771605,0.0123457,0.880401,0.104938,0.000771605,0,0,0,0.000771605,0,0,0,0,0,
0,0,0,0,0,0,0,0,0.00906344,0.901813,0.0891239,0,0,0,0,0,0,0,0,0,
0,0,0,0,0,0.00151057,0,0,0,0.0143505,0.888218,0.0959214,0,0,0,0,0,0,0,0,
0,0,0,0,0,0,0,0,0,0,0.0129991,0.871866,0.114206,0.000928505,0,0,0,0,0,0,
0,0,0,0,0,0,0,0,0,0,0,0.0139918,0.876543,0.109465,0,0,0,0,0,0,
0,0,0,0,0,0,0,0,0,0,0,0,0.0103004,0.917597,0.072103,0,0,0,0,0,
0,0,0,0,0,0,0,0,0,0,0,0,0.000816327,0.00489796,0.893878,0.100408,0,0,0,0,
0,0,0,0,0,0,0,0,0,0,0,0,0,0,0.0174672,0.89083,0.0917031,0,0,0,
0,0,0,0,0,0,0,0,0,0,0,0,0,0,0,0.00806452,0.889516,0.102419,0,0,
0,0,0,0,0,0,0,0,0,0,0,0,0,0,0,0.000804505,0.00965406,0.883347,0.104586,0.00160901,
0.000832639,0.000832639,0,0,0,0,0,0,0,0,0,0,0,0,0,0,0,0.0149875,0.86761,0.115737,
0.0887886,0,0,0,0,0,0,0.000752445,0,0,0,0,0,0,0,0,0.000752445,0,0.0112867,0.89842,


