5215,56,5,5,0,0,1,0,0,0,0,0,0,0,0,0,0,0,3,841,
1192,5893,57,5,1,0,0,0,0,0,0,1,0,0,0,0,0,1,2,4,
3,395,3215,45,0,0,0,0,0,0,0,0,0,0,0,0,0,0,0,2,
0,6,804,5719,66,1,1,0,0,0,0,0,0,0,0,0,0,0,0,1,
0,0,3,1271,6626,59,3,0,0,0,0,1,0,0,0,0,0,0,0,0,
0,0,1,1,522,5492,70,2,1,0,0,0,0,0,0,0,0,0,0,0,
0,0,3,0,2,1802,10175,76,4,1,0,1,0,0,0,0,0,0,0,0,
0,0,0,0,1,2,736,9551,119,2,2,0,0,0,0,0,0,0,0,0,
0,0,0,0,0,0,2,3717,39588,268,3,0,1,0,0,0,0,0,0,0,
0,0,1,0,0,0,0,8,38317,187811,481,3,1,2,0,0,0,0,0,0,
0,0,0,0,0,1,1,1,3,13361,68572,146,3,1,1,1,0,0,0,0,
0,0,0,0,1,0,0,0,4,12,546773,222091,509,9,2,1,3,1,0,0,
0,0,0,0,1,0,0,0,1,3,13,24246,43483,281,7,2,0,0,1,0,
0,0,0,0,1,1,1,0,2,1,3,9,4605,26687,238,5,4,1,0,0,
0,2,0,0,1,0,0,0,2,0,3,4,4,3127,21849,215,4,0,2,0,
0,0,0,0,0,0,0,0,1,0,2,2,5,18,2241,17008,184,7,2,1,
2,0,0,1,1,0,0,0,0,1,0,1,0,2,7,1777,12873,146,3,2,
3,1,0,0,0,0,1,1,1,0,0,0,0,0,2,11,1354,9375,96,6,
0,0,0,0,0,0,0,0,0,0,0,0,0,2,0,0,1,329,2506,33,
42,0,0,0,0,0,0,0,0,0,0,0,1,0,1,0,0,1,307,3079,


3536,51,0,0,0,0,0,0,0,0,0,0,0,0,0,0,0,0,3,419,
429,3525,49,0,1,0,0,0,0,0,0,0,0,0,0,0,0,0,0,1,
3,749,4825,67,1,0,0,0,0,0,0,0,0,0,0,0,0,0,0,1,
0,2,421,4435,68,1,0,1,0,0,0,0,0,0,0,0,0,0,1,0,
0,0,2,673,5012,51,1,0,0,0,0,0,0,0,0,0,0,0,0,0,
0,0,0,3,474,5458,83,1,0,1,0,0,0,0,0,0,0,0,0,0,
0,0,0,0,1,943,6980,72,1,0,2,0,0,0,0,0,0,0,0,0,
0,0,0,0,0,2,637,9528,132,3,1,0,0,0,0,0,0,0,0,0,
0,0,0,0,0,0,3,2847,36984,365,1,0,0,0,0,0,0,0,0,0,
0,0,0,0,0,0,0,4,11307,106737,405,1,1,0,0,0,0,0,0,0,
0,0,0,1,0,0,1,4,7,482277,636736,1180,10,1,2,3,0,0,0,0,
0,0,0,0,0,0,0,0,0,0,3668,11064,69,0,0,1,1,0,0,0,
0,0,0,0,0,0,0,0,0,0,2,767,3572,27,1,1,0,0,0,0,
0,0,0,0,0,0,0,0,1,0,0,1,433,3548,41,0,1,1,0,0,
0,0,0,0,0,0,0,0,0,0,0,0,1,306,2650,25,1,0,0,0,
0,0,0,0,0,0,0,0,0,0,0,2,0,2,261,2483,34,0,0,0,
0,0,0,0,0,0,0,0,0,0,0,0,1,0,2,322,2662,34,0,0,
0,0,0,0,0,0,0,0,0,0,0,0,0,0,0,1,265,2528,35,0,
1,1,1,0,0,0,0,0,0,0,0,0,0,1,0,0,6,1172,7151,98,
54,2,0,0,0,0,0,0,0,0,0,0,0,0,0,0,0,1,303,3092,


3566,53,0,1,0,0,0,0,0,0,0,0,0,0,0,0,0,2,1,372,
411,3563,51,0,0,0,0,0,0,0,0,0,0,1,0,0,0,0,1,1,
1,306,3305,52,1,0,0,0,0,0,0,0,0,0,0,0,0,0,1,0,
0,3,394,4459,70,0,0,0,0,0,0,0,0,0,0,0,0,0,0,0,
0,0,1,544,4737,58,3,0,0,0,0,0,0,0,0,0,0,0,0,0,
0,0,0,3,457,5493,97,0,0,0,0,0,0,0,0,0,0,0,0,0,
0,0,0,0,3,793,7053,85,3,1,2,0,0,0,0,0,0,0,0,0,
0,0,0,1,0,2,576,9585,174,3,0,0,0,0,0,0,0,0,0,0,
0,0,0,0,0,0,1,2745,37012,399,2,0,0,0,0,0,0,0,0,0,
0,0,0,0,0,0,0,3,10076,107644,522,0,0,1,0,0,0,0,0,0,
1,0,0,1,2,1,0,1,1,11085,71065,251,0,0,0,1,0,0,1,0,
0,1,0,0,0,0,0,0,0,1,3296,11411,73,0,1,0,0,0,0,0,
0,0,0,0,0,0,0,0,0,0,2,695,3629,45,2,1,0,0,0,0,
0,0,0,0,0,0,0,0,0,0,0,2,319,2989,50,2,0,0,0,0,
0,0,0,0,0,0,0,0,0,0,0,0,0,294,2624,32,0,0,0,1,
0,0,0,0,0,0,0,0,0,0,0,1,0,0,251,2576,35,0,0,0,
0,0,0,0,0,0,0,0,0,0,0,0,1,0,0,249,2286,28,2,1,
0,0,0,0,0,0,0,0,0,0,0,0,0,0,0,0,225,2602,43,0,
0,0,0,0,0,0,0,0,0,0,0,0,0,0,0,0,2,311,2557,43,
45,0,0,0,0,0,0,0,0,0,0,0,0,0,0,0,0,1,258,3016,


3567,59,0,1,0,0,0,0,0,0,0,0,0,0,0,0,0,0,0,300,
399,3611,58,3,0,0,0,0,0,0,0,0,0,0,0,0,1,0,0,1,
2,310,3259,54,1,0,0,0,0,0,0,0,0,0,0,0,0,0,0,2,
3,1,369,4463,76,1,0,0,0,0,0,0,0,0,0,0,0,0,1,0,
0,0,0,555,4838,55,0,0,0,0,0,0,0,0,0,0,0,0,0,0,
0,0,0,0,419,5582,89,3,0,0,0,0,0,0,0,0,0,0,0,0,
0,0,0,0,1,725,7117,80,2,0,0,0,0,0,0,0,0,0,0,0,
0,0,0,0,1,2,573,9757,206,1,0,0,0,0,0,0,0,0,0,0,
0,0,0,0,0,0,3,2628,38163,582,1,1,0,0,0,0,0,0,0,0,
0,0,0,0,0,1,1,6,9120,108265,753,1,0,0,0,0,0,0,0,0,
0,0,0,0,0,0,1,1,4,10088,71871,353,0,1,0,0,0,0,0,0,
1,0,0,0,0,1,1,0,0,0,2981,11558,97,1,0,0,0,0,0,0,
0,0,0,1,0,0,0,0,0,0,2,596,3696,39,1,2,0,0,0,0,
0,0,0,0,0,0,0,0,0,0,1,3,269,2908,45,1,0,0,0,0,
0,0,0,0,0,0,0,0,0,0,0,0,3,290,2700,39,0,0,0,0,
0,0,0,0,0,0,0,0,0,0,1,0,0,0,209,2462,27,2,0,0,
0,0,0,0,0,0,0,0,0,0,0,0,1,1,1,243,2416,30,1,0,
1,0,0,0,0,0,0,0,0,0,0,0,0,0,0,1,249,2611,38,0,
2,0,0,0,0,0,0,0,0,0,0,0,0,0,0,0,1,283,2561,36,
51,1,1,0,0,0,0,0,0,0,0,0,0,0,0,0,0,0,248,3117,


3718,64,2,0,0,0,0,0,0,0,0,0,0,1,0,0,0,0,1,303,
346,3674,62,3,0,1,0,0,0,0,0,0,0,0,0,0,0,0,0,0,
0,247,3281,74,4,0,1,0,0,0,0,0,0,0,0,0,0,0,0,0,
1,3,332,4381,83,1,1,0,0,0,0,0,0,0,0,0,0,0,0,0,
0,1,1,452,4870,94,1,0,0,0,0,0,0,0,0,0,0,0,0,0,
0,0,0,4,341,5548,125,1,1,0,0,0,0,0,0,0,0,0,0,0,
0,0,0,1,1,644,7200,85,1,0,0,0,0,0,0,0,0,0,0,0,
0,0,1,0,2,4,516,9856,245,4,0,0,0,0,0,0,0,0,0,0,
0,0,0,0,0,0,2,2386,36926,707,0,0,0,0,0,0,0,0,0,0,
0,0,0,0,0,0,0,0,7932,109500,1003,1,0,0,0,0,0,0,0,0,
0,0,0,0,1,0,1,0,3,8948,73125,452,1,0,0,0,0,0,0,0,
0,0,0,0,0,0,0,0,0,2,2731,11924,97,1,0,0,0,0,0,0,
0,0,0,0,0,0,0,0,0,0,1,596,3751,47,1,0,0,0,0,0,
0,0,0,0,0,0,0,0,0,0,2,1,233,2833,57,0,0,0,0,0,
0,0,0,0,0,0,0,0,0,0,0,1,0,248,2631,43,1,1,0,0,
0,0,0,0,1,0,0,0,0,0,0,0,0,1,211,2440,41,3,0,0,
0,0,0,1,0,0,0,0,0,0,0,0,0,0,0,216,2320,55,2,1,
1,0,0,0,0,0,0,0,0,0,1,0,0,0,0,0,205,2596,50,0,
1,0,0,0,0,0,0,0,0,0,0,0,0,0,0,0,2,264,2559,54,
70,2,1,0,0,0,0,0,0,0,0,0,0,0,0,0,1,2,215,3101,


3638,81,2,1,0,0,0,0,0,0,0,0,0,0,0,0,1,0,0,253,
322,3653,64,2,1,0,0,0,0,0,0,0,0,0,0,0,0,1,0,1,
1,256,3236,91,1,0,0,0,0,0,1,0,0,0,0,0,0,0,0,0,
1,4,287,4851,103,4,0,1,0,0,0,0,1,0,0,0,0,0,0,0,
0,0,3,423,4843,83,0,0,0,0,1,0,0,0,0,0,0,0,0,0,
0,0,1,0,342,5504,132,3,2,0,0,0,0,0,0,0,0,0,0,1,
0,0,0,1,2,609,7323,119,2,0,0,0,0,0,0,1,0,0,0,0,
0,0,0,0,0,2,450,9692,277,3,1,0,1,0,0,0,0,0,0,0,
0,0,0,0,0,0,1,2374,37753,878,2,0,0,0,0,0,0,0,0,0,
0,0,0,0,0,0,1,1,6997,109387,1314,2,1,0,0,0,0,0,0,0,
0,0,0,0,0,0,1,2,1,8178,74217,598,1,0,1,0,0,0,0,0,
0,0,0,0,0,0,0,0,1,0,2480,12143,161,0,0,0,0,0,0,0,
0,0,0,0,0,0,0,0,0,0,2,481,3745,63,0,1,0,0,0,0,
1,0,0,0,0,0,0,0,0,1,0,3,232,2948,52,1,0,0,0,0,
0,0,0,0,0,0,0,0,0,0,0,0,1,215,2604,61,1,0,0,0,
0,0,0,0,1,0,0,0,0,0,0,0,0,1,183,2621,51,2,0,0,
0,0,0,0,0,0,0,0,0,0,0,0,0,0,1,185,2360,52,1,0,
0,0,0,0,0,0,0,0,0,0,0,0,0,0,0,0,188,2663,69,4,
3,0,0,0,0,2,0,0,0,0,0,0,0,0,0,0,0,212,2613,52,
65,1,3,0,0,0,0,0,0,0,0,0,0,0,1,0,0,0,216,3147,


3696,91,2,1,0,0,0,0,0,0,0,0,0,0,0,0,0,0,0,224,
258,3839,80,3,0,0,0,0,0,0,0,0,0,0,0,0,0,1,0,3,
1,211,3339,94,4,0,1,0,0,0,0,0,0,0,0,0,0,0,1,0,
1,5,281,4506,121,3,0,0,2,0,0,0,0,0,0,0,0,0,0,0,
0,0,1,355,4849,85,2,0,0,0,0,0,0,0,0,0,0,0,0,0,
0,0,0,3,393,7268,203,1,1,0,0,0,0,0,0,0,0,0,0,0,
0,0,0,1,3,501,7195,121,0,0,1,1,0,0,0,0,0,0,0,0,
0,0,1,0,0,1,393,9682,367,1,0,0,0,0,0,0,0,0,0,0,
0,0,0,0,0,1,4,2353,39964,1102,1,0,1,0,0,0,0,0,0,0,
0,0,0,0,0,1,0,2,6065,111203,1568,3,0,0,0,0,0,0,0,0,
1,0,0,0,0,1,0,1,2,6943,75080,742,2,1,1,0,0,0,0,0,
0,0,0,0,0,0,0,0,0,2,2171,12461,164,1,0,0,0,0,0,0,
0,0,0,0,0,0,0,0,0,0,2,467,3824,66,0,1,1,0,0,2,
0,0,0,0,0,0,0,0,0,1,0,3,191,2976,70,1,0,0,0,0,
0,0,1,0,0,0,0,0,0,0,1,0,2,172,2754,68,0,0,0,0,
0,0,1,0,0,0,0,0,0,0,1,1,1,1,171,2608,74,2,0,0,
0,0,0,0,0,0,0,0,0,0,0,0,0,0,0,175,2487,61,0,0,
0,0,0,0,0,0,0,0,0,0,0,0,0,0,0,2,160,2654,74,1,
0,0,0,0,0,0,0,0,0,0,0,0,1,0,0,0,0,200,2597,58,
106,2,0,0,0,0,0,0,0,0,0,0,0,0,0,0,0,3,185,3817,


4392,104,0,0,0,0,0,0,0,0,1,0,0,0,0,0,0,0,0,268,
252,3803,68,0,0,0,0,0,0,0,0,0,0,0,0,0,0,0,2,1,
1,182,3275,106,1,0,0,0,0,0,0,0,0,0,0,0,0,0,0,0,
0,0,251,4508,142,2,0,0,0,0,0,0,0,0,0,0,0,0,0,0,
0,0,2,325,4972,94,0,0,0,1,0,0,0,0,0,0,0,0,0,0,
0,1,0,2,360,7003,222,0,1,0,0,0,0,0,0,0,0,0,0,0,
0,0,0,0,0,484,7422,165,2,0,0,0,1,0,0,0,0,0,0,0,
0,0,0,1,0,0,372,9747,373,1,0,0,0,0,0,0,0,0,0,0,
0,0,0,0,0,0,2,2159,40758,1352,1,0,0,0,0,0,1,0,0,0,
0,0,0,0,0,0,0,2,5218,110508,2060,1,0,0,0,0,0,0,0,0,
0,0,1,0,0,0,0,0,1,6134,76013,967,2,0,0,0,0,0,0,0,
0,0,0,0,0,0,0,0,0,2,1955,12703,196,1,0,0,0,0,0,0,
0,0,0,0,0,0,0,0,0,0,3,440,3874,75,2,0,0,0,0,0,
0,0,0,0,0,0,0,0,0,0,1,1,188,2991,81,2,0,0,0,0,
0,0,0,0,0,0,0,0,0,0,0,0,1,168,2634,54,1,1,0,0,
0,0,0,0,0,0,0,0,0,0,0,1,0,1,178,3816,97,3,1,0,
0,0,0,0,0,0,0,0,0,0,0,1,0,1,0,160,2435,68,0,0,
0,0,0,0,0,0,0,0,0,0,0,0,1,0,1,4,144,2707,80,1,
0,0,0,0,0,0,0,0,0,0,0,0,0,0,1,0,0,193,2699,87,
99,2,0,0,0,0,0,0,0,0,0,0,1,0,0,0,0,1,156,3164,


3695,123,4,1,0,0,0,0,0,0,0,0,0,0,0,0,0,0,0,195,
202,3725,93,1,1,0,0,0,0,0,0,0,0,0,0,0,0,0,0,1,
0,173,3278,113,1,0,0,0,0,0,0,0,0,0,0,0,0,0,0,1,
0,0,228,4475,161,0,0,0,0,0,0,0,0,0,0,0,0,0,0,0,
0,0,3,329,5366,96,0,1,1,0,0,0,0,0,0,0,1,0,0,0,
0,0,1,1,607,11704,346,0,0,0,1,0,0,0,0,0,0,0,0,0,
0,0,1,0,3,445,7867,167,0,0,1,1,0,0,0,0,0,0,0,0,
0,0,0,0,0,2,443,12603,560,1,2,0,0,0,0,0,0,0,0,0,
0,0,0,0,0,1,3,20092,387677,12279,4,0,0,0,0,0,0,0,0,0,
0,0,0,0,0,0,0,2,14367,378979,10911,2,0,0,0,0,0,0,0,0,
0,0,0,0,0,0,0,2,2,5089,76727,1213,2,0,0,1,0,0,0,0,
0,0,0,0,0,0,0,1,0,1,1699,13373,285,2,0,0,0,0,0,0,
0,0,0,0,0,0,0,0,0,0,0,369,3974,99,0,1,0,0,0,0,
1,0,0,0,0,0,0,0,0,0,1,1,181,3102,98,0,1,0,1,0,
0,0,0,0,0,0,0,0,0,0,0,0,1,144,2713,79,0,0,0,0,
0,0,0,0,0,0,0,0,0,0,0,0,1,0,126,2593,83,1,0,0,
0,0,0,0,0,0,0,0,0,0,0,0,1,0,0,138,2459,81,4,1,
1,0,0,0,0,0,1,0,0,0,0,0,0,0,0,0,159,3624,118,0,
1,0,0,0,0,0,0,0,0,0,0,0,0,0,0,1,0,162,2624,80,
211,1,1,1,0,0,0,0,0,0,0,0,0,0,0,0,0,6,313,7562,


4357,179,3,1,0,0,0,0,1,0,0,0,0,0,0,0,0,0,0,192,
182,3825,107,2,0,0,0,0,0,0,0,0,0,0,0,0,0,0,1,0,
0,118,3346,155,2,0,0,0,0,0,0,0,0,0,0,0,0,0,0,0,
1,1,183,4648,196,2,0,0,0,0,0,0,0,0,0,0,0,0,0,1,
1,0,2,266,4979,140,1,0,0,0,0,0,0,0,0,0,0,0,0,0,
0,0,0,2,228,6067,279,0,1,0,0,0,0,0,0,0,0,0,0,0,
0,0,0,1,1,366,7356,198,0,0,0,0,1,0,0,0,0,0,0,0,
0,0,0,0,1,4,1623,43869,1502,1,1,0,0,0,0,0,0,0,0,0,
0,0,0,0,0,0,3,1331,38542,1933,0,0,0,0,0,0,0,0,1,0,
0,0,0,0,0,0,0,2,126055,3157409,83230,0,1,0,0,1,0,0,1,0,
0,0,0,0,0,0,0,0,4,4972,86321,1682,2,0,0,0,0,0,0,0,
0,0,0,0,0,0,0,0,0,2,1526,14677,347,3,0,0,0,0,0,0,
0,0,0,0,0,0,0,0,0,0,2,323,3884,136,0,0,0,0,0,0,
0,0,0,1,0,0,0,0,0,0,0,1,126,3003,120,1,0,0,0,0,
0,1,0,0,1,0,0,0,0,0,0,0,2,143,2778,82,1,1,0,1,
0,0,0,0,0,0,0,0,0,0,0,1,1,1,112,2612,94,1,1,0,
0,0,0,0,0,0,0,0,0,0,0,0,0,0,1,134,2521,96,0,0,
1,1,0,0,0,0,0,0,0,0,0,0,0,0,0,1,113,2648,110,0,
2,0,0,1,0,0,0,0,0,0,0,1,0,0,0,0,1,131,2611,100,
132,0,2,1,0,0,0,0,0,0,0,0,0,0,0,0,0,2,145,3581,


5693,250,0,0,0,0,0,0,0,0,0,0,0,0,0,0,0,2,4,220,
164,3677,144,4,0,0,0,0,0,0,0,0,0,0,0,0,0,0,0,0,
3,125,3341,146,2,0,0,0,0,0,0,0,0,0,0,0,0,0,0,2,
0,1,169,4542,212,1,0,0,0,0,0,0,0,0,0,0,0,0,0,0,
0,1,3,221,4914,201,0,0,0,0,0,0,0,0,0,0,0,0,0,0,
0,0,1,4,203,6319,336,1,1,0,0,0,0,0,0,1,0,0,0,0,
0,1,0,0,2,401,9306,305,3,0,1,0,0,0,0,0,0,0,0,0,
0,1,0,0,0,2,244,9494,639,2,3,0,0,0,0,0,0,0,0,0,
0,0,0,0,0,0,2,1031,45266,2843,1,0,0,1,0,0,0,0,0,0,
1,0,0,0,0,0,1,15,236324,13648602,255090,10,0,0,0,0,0,0,0,0,
0,0,0,0,1,0,1,1,6,622809,28830774,432480,9,1,2,0,0,0,0,1,
0,0,0,0,0,0,0,0,0,1,1231,13461,366,0,0,0,0,0,0,0,
0,0,0,0,0,0,0,0,0,1,4,629,22470,1118,4,1,0,0,0,0,
0,0,0,0,0,0,0,0,0,0,0,0,150,3583,167,3,0,0,0,0,
0,0,0,0,0,0,0,0,0,0,0,1,0,160,3735,114,0,1,0,1,
0,0,0,0,1,0,0,0,0,0,1,0,0,4,99,2695,107,1,0,0,
0,1,0,0,0,0,0,0,0,0,0,0,0,0,2,135,3682,135,1,0,
0,0,0,0,0,0,0,0,0,0,0,0,0,0,1,1,95,2647,130,0,
3,3,0,0,0,0,0,0,0,0,0,0,0,0,0,0,5,276,6261,205,
181,1,1,0,0,0,0,0,0,0,0,0,0,0,1,0,0,0,113,3743,


3693,216,1,0,0,0,0,0,0,0,0,0,1,0,0,0,0,1,0,120,
144,3704,156,1,0,1,0,0,0,0,0,0,0,0,0,0,0,0,0,1,
1,146,6362,293,3,1,0,0,0,0,0,0,0,0,0,1,0,0,0,1,
3,1,251,10153,534,1,2,0,1,0,0,0,0,0,0,0,0,0,0,1,
0,1,3,194,4996,231,2,0,0,0,0,0,0,0,0,0,0,0,0,0,
0,0,0,1,158,5473,357,0,0,0,0,0,0,0,0,0,0,0,0,0,
0,0,0,1,4,274,7510,263,1,1,1,0,0,0,0,0,0,0,0,0,
0,0,0,0,0,2,228,9353,775,2,0,0,0,0,0,0,0,0,0,0,
0,0,0,0,0,0,2,712,35342,2823,3,1,1,0,0,0,0,0,0,0,
1,0,0,0,0,0,4,2,16722,1237941,65427,3,0,0,0,0,0,0,0,0,
0,0,0,0,0,0,0,0,0,3108,77412,2246,3,2,0,2,0,0,0,0,
0,0,0,0,0,0,0,0,0,2,1102,14271,422,1,2,0,0,0,0,0,
0,0,0,0,0,0,0,0,0,0,2,229,4044,191,0,0,0,0,0,0,
0,0,0,0,0,0,0,0,0,0,0,1,138,6283,387,1,0,1,0,0,
0,0,0,0,0,0,0,0,0,1,0,0,1,109,2808,132,1,0,0,0,
0,0,0,0,0,0,0,0,0,0,0,0,0,1,91,2535,111,0,1,0,
0,1,0,0,0,0,0,0,0,0,0,0,1,0,0,99,2443,121,2,0,
1,0,0,0,0,0,0,0,0,0,0,0,0,0,1,1,69,2855,156,3,
1,1,0,0,0,1,0,0,0,0,0,0,0,0,0,0,1,114,2598,110,
162,2,0,0,0,0,0,0,0,0,0,0,0,0,1,0,0,0,96,3148,


6622,430,3,0,0,1,0,0,0,0,0,0,0,0,0,0,0,1,2,133,
743,34208,1512,12,1,0,0,0,0,0,0,0,0,0,1,0,1,0,3,5,
1,105,3301,205,1,0,0,0,0,0,0,0,0,0,0,1,0,0,0,0,
3,4,123,4507,302,0,0,0,0,0,0,0,0,0,0,0,0,1,0,0,
0,2,8,1586,85231,3193,11,2,0,0,1,0,0,0,0,0,0,0,0,0,
0,0,0,1,117,5482,338,2,0,0,0,0,0,0,0,0,0,0,0,0,
1,0,1,2,8,2645,149018,5085,20,3,1,1,0,0,1,2,0,1,0,0,
0,0,0,0,0,1,166,9414,890,2,3,0,0,0,0,0,0,0,0,0,
0,0,0,0,0,0,1,585,35092,3409,1,1,0,0,0,0,0,0,0,0,
0,0,0,0,0,0,0,2,7745,451505,22480,0,0,1,0,0,0,0,0,0,
0,0,0,0,1,0,0,0,2,36116,1492490,85137,3,2,0,0,1,0,0,0,
0,0,0,0,0,0,0,0,1,0,865,13981,600,0,1,0,0,0,0,0,
0,0,0,0,1,0,0,1,0,0,3,229,5207,246,2,2,0,0,0,0,
0,0,0,0,0,0,0,0,0,0,0,1,81,3101,192,0,0,0,0,0,
1,0,0,0,0,0,0,0,0,0,0,1,1,105,3451,151,1,0,1,0,
0,0,0,0,0,0,0,0,1,0,1,2,0,2,71,2707,129,1,0,0,
0,0,0,0,0,0,0,0,0,0,0,0,0,0,0,77,2501,141,0,0,
0,0,0,0,0,0,0,0,0,0,0,0,0,1,0,4,78,3988,240,2,
0,1,0,0,0,0,0,0,0,0,1,0,0,0,1,0,2,101,2606,133,
184,0,1,0,0,0,0,0,0,0,0,0,0,1,0,0,0,0,85,3365,


3894,246,0,0,0,1,0,0,0,0,0,1,0,0,0,0,0,0,0,87,
107,3764,187,1,0,1,0,0,0,0,0,0,0,0,1,0,0,0,0,1,
2,67,3233,235,1,0,0,0,0,0,0,0,0,0,0,0,0,0,0,0,
1,1,92,4613,307,0,0,1,0,0,0,0,0,0,0,0,0,0,1,0,
0,0,1,109,4965,278,2,0,1,0,0,0,0,0,0,1,0,0,0,0,
1,1,1,1,110,5336,433,1,0,0,0,0,0,0,0,0,0,0,0,0,
0,0,0,0,0,195,7404,348,1,0,0,0,0,0,0,0,0,0,0,0,
0,0,0,0,0,4,156,9315,1009,0,0,0,0,0,0,0,0,0,0,0,
0,0,0,0,0,0,2,472,34553,3848,2,0,0,0,0,0,0,0,0,0,
0,0,0,0,1,0,1,5,2502,161220,9316,1,0,0,0,0,0,0,0,0,
0,0,0,0,0,0,0,0,1,2267,111990,5897,3,0,2,1,0,0,0,0,
0,0,0,0,1,0,1,0,1,2,5204,218684,15915,2,0,4,0,0,0,1,
0,0,0,0,0,0,1,0,1,0,6,138,3946,219,0,1,0,0,0,0,
0,0,0,0,0,0,0,0,0,0,1,1,83,2971,183,1,0,0,0,0,
0,0,0,0,0,0,0,0,0,0,0,0,4,81,2678,137,0,1,0,1,
0,0,0,1,0,0,0,0,0,0,0,0,1,3,60,2650,167,1,0,0,
0,0,0,0,0,0,0,0,0,0,0,0,1,0,1,68,2698,157,0,0,
0,0,0,0,0,0,0,0,0,0,0,0,0,0,0,0,64,2738,174,0,
0,0,0,0,0,0,0,0,0,0,0,0,0,0,0,0,1,81,2827,160,
212,1,0,0,0,0,0,0,0,0,0,0,0,0,0,0,0,1,75,3156,


3665,274,1,1,1,0,0,0,0,0,0,0,0,0,0,0,0,0,0,78,
99,3763,227,3,0,0,0,0,0,0,0,0,0,0,0,0,0,0,0,0,
1,71,3294,272,3,1,0,0,0,0,0,0,0,0,0,0,0,0,0,1,
0,2,79,4367,345,2,0,0,0,0,0,0,0,0,0,0,0,0,0,0,
0,0,1,122,4921,291,1,0,0,0,0,0,0,0,0,0,0,0,0,0,
0,0,0,1,91,5472,545,1,2,0,0,0,0,0,0,0,0,0,0,0,
0,0,0,0,1,162,7473,424,3,0,0,0,0,0,0,0,0,0,0,0,
0,0,0,0,0,1,148,9250,1219,0,1,0,0,0,0,0,0,0,0,0,
0,1,0,0,0,1,0,363,34471,4488,4,0,0,0,0,0,0,0,0,0,
0,0,0,0,1,0,0,4,1298,109000,7997,0,0,0,0,0,0,0,0,0,
0,0,0,0,0,0,0,1,0,1512,78220,3941,2,1,0,0,0,0,0,0,
0,0,0,0,0,0,0,0,0,1,579,14988,1018,0,0,0,0,0,0,0,
0,0,0,0,0,0,0,0,1,0,2,133,4131,244,1,0,0,0,0,1,
0,0,0,0,0,0,0,0,0,0,0,0,65,2947,196,1,0,0,1,0,
1,0,0,0,0,0,0,0,0,0,1,0,0,69,2701,176,1,0,0,0,
0,0,0,0,0,0,0,0,0,0,0,0,1,2,59,2589,157,0,0,0,
0,1,0,0,0,0,0,0,0,0,0,0,0,1,1,49,2549,158,3,0,
1,0,0,0,0,0,0,0,0,0,0,0,0,0,0,0,60,2570,190,6,
0,0,0,0,0,0,0,0,0,0,0,0,0,0,0,1,2,61,2501,173,
217,0,0,0,0,0,0,0,0,0,0,0,0,0,0,0,0,1,69,3142,


3671,303,1,1,0,0,0,0,0,0,0,0,0,0,0,0,0,0,2,74,
74,3754,264,1,0,1,0,0,0,0,0,0,1,0,0,0,0,0,1,1,
3,61,3289,323,0,0,0,0,0,0,0,0,0,0,0,0,1,0,1,0,
1,0,76,4424,408,2,0,0,0,0,0,0,0,0,0,0,0,0,0,0,
0,1,2,94,4800,355,2,0,0,1,0,0,0,1,0,0,0,0,0,0,
0,0,0,0,85,5353,576,3,0,0,0,0,0,0,0,0,0,0,0,0,
0,0,0,0,0,145,7139,428,3,0,0,0,0,0,0,0,0,0,0,0,
0,0,0,0,0,2,97,8823,1279,1,2,0,0,0,0,0,0,0,0,0,
0,0,0,0,0,0,1,312,33629,5032,1,0,0,0,0,0,0,0,0,0,
0,0,0,0,0,0,1,1,1028,107445,9054,1,0,0,0,0,0,0,0,0,
0,0,0,0,0,0,0,1,2,1163,77070,4262,1,0,1,0,0,0,0,0,
0,0,0,0,0,0,0,0,0,1,496,16768,1210,3,1,0,1,0,0,0,
0,0,0,0,0,0,0,0,0,1,2,107,4427,434,1,0,0,0,0,0,
0,0,0,0,0,0,0,0,0,0,1,2,53,2923,245,3,3,0,0,0,
0,0,0,0,0,0,0,0,0,0,0,0,0,58,2731,184,1,0,0,0,
0,0,0,0,0,0,0,0,0,1,0,0,1,2,52,2496,203,1,0,0,
0,0,0,0,0,0,0,0,0,0,0,1,0,0,1,53,2466,168,1,0,
0,0,0,0,0,0,0,0,0,0,0,0,0,0,0,1,40,2641,243,1,
2,0,0,0,0,0,0,0,0,0,0,0,0,0,1,2,1,58,2635,204,
268,0,0,0,0,0,0,0,0,0,1,0,0,0,0,0,0,0,65,3065,


3621,332,6,1,0,0,0,0,0,0,0,0,0,0,0,0,0,0,1,67,
51,3798,283,2,0,2,0,0,0,0,0,0,1,0,0,0,0,0,0,0,
1,52,3378,329,0,0,0,0,0,0,0,0,0,0,0,0,0,0,1,0,
0,1,63,4317,447,2,0,0,0,0,0,0,0,0,0,0,0,0,0,0,
0,0,0,98,4930,354,0,1,0,0,0,0,0,0,1,0,0,0,0,0,
0,2,0,1,61,5321,617,3,0,0,3,0,0,0,0,0,0,0,0,1,
0,0,0,0,0,122,7304,520,2,1,0,0,0,0,0,0,0,0,0,0,
0,0,0,0,0,1,85,8805,1440,1,0,0,0,0,1,0,0,0,0,0,
0,0,0,0,0,1,2,271,33282,5837,1,0,0,0,0,0,0,0,0,0,
0,0,1,0,0,0,0,2,775,107415,10286,2,0,1,0,0,0,0,0,0,
0,0,0,0,0,1,1,0,1,896,76753,4830,2,0,0,0,0,0,0,0,
0,0,0,0,0,0,0,0,2,0,376,15580,1148,0,0,0,0,0,0,0,
0,0,0,0,0,0,0,0,0,0,2,97,3946,290,0,0,0,0,0,0,
0,0,0,0,0,0,0,0,0,0,0,0,51,2911,287,0,0,0,0,0,
0,0,0,0,0,0,0,0,0,0,1,0,0,52,2679,201,0,1,1,1,
0,0,0,0,0,0,0,0,0,0,0,0,0,2,40,2496,230,3,0,0,
0,0,0,0,0,0,0,0,0,0,0,0,0,1,2,46,2382,207,1,0,
0,0,0,0,0,0,0,0,0,0,0,0,0,0,0,1,48,2613,252,2,
0,0,1,0,0,0,0,0,0,0,0,0,0,0,0,1,1,45,2640,214,
302,2,0,0,0,0,0,0,0,0,0,0,0,0,1,0,0,1,45,3044,


3626,382,1,1,0,0,1,0,0,0,0,0,0,0,0,0,1,0,0,45,
51,3833,316,2,0,0,0,0,0,0,0,0,0,0,0,0,0,0,1,2,
2,39,3244,379,2,0,0,0,0,0,0,0,0,0,0,0,0,0,0,0,
0,2,72,4313,500,1,1,0,0,0,0,0,0,0,0,0,0,0,0,0,
0,0,1,89,5108,459,2,0,0,0,0,0,0,0,0,0,1,0,0,0,
0,0,0,1,76,5216,706,5,0,0,0,0,0,0,0,0,0,0,0,0,
0,0,0,0,2,93,7176,534,0,1,0,0,0,0,0,0,0,0,0,0,
0,0,0,0,0,1,94,8659,1600,1,0,0,0,0,0,0,0,0,0,0,
0,0,0,0,0,0,3,220,32445,6366,2,0,1,0,0,0,0,0,0,0,
0,0,0,0,0,0,0,0,608,105801,11767,0,0,0,0,0,0,0,0,0,
0,0,0,0,2,0,0,0,2,647,76808,5692,0,0,1,1,0,0,0,0,
0,0,0,0,0,0,0,0,0,3,257,13513,1170,0,0,0,0,0,0,0,
0,0,0,0,0,0,0,0,0,0,1,86,3884,315,3,0,0,0,0,0,
0,0,0,0,0,0,0,1,0,0,0,0,63,2903,268,0,0,0,0,0,
0,0,0,0,0,0,0,0,0,0,0,1,1,51,2752,222,1,1,0,1,
0,0,0,0,0,0,0,0,0,0,0,0,0,1,31,2565,222,1,0,0,
0,0,0,0,0,0,0,0,0,0,0,0,0,0,0,39,2347,233,1,0,
0,0,1,0,0,0,0,0,0,0,0,0,0,0,2,0,35,2514,266,0,
3,0,1,0,0,0,0,0,0,0,0,0,0,0,0,1,1,39,2615,226,
318,2,0,0,0,0,0,0,0,0,0,0,0,0,0,0,0,2,47,3016,


3572,418,1,1,0,1,0,0,0,0,0,0,0,0,0,0,0,0,0,56,
51,3603,314,2,0,0,0,0,0,0,0,0,0,0,0,0,0,0,0,1,
3,46,3199,393,2,1,0,0,0,0,0,0,0,0,0,0,0,0,0,0,
0,1,38,4356,589,0,1,0,0,0,0,0,0,0,0,0,0,0,0,0,
0,0,1,74,4759,458,2,0,0,0,1,0,0,1,0,2,0,0,0,0,
0,0,0,0,51,5249,718,1,1,0,0,0,0,0,0,0,0,0,0,0,
0,0,0,0,1,70,7390,639,1,0,1,0,0,0,0,0,0,0,0,0,
0,0,0,0,0,0,65,8549,1807,6,2,0,0,0,0,0,0,0,0,0,
0,0,0,0,0,0,1,154,31997,7046,0,0,0,0,0,0,0,0,0,0,
0,0,0,0,1,0,1,2,436,104340,12781,2,0,0,0,0,0,0,0,0,
0,0,0,0,0,0,0,0,0,490,75053,6302,1,0,0,0,0,0,0,0,
0,0,0,0,0,0,0,1,0,1,227,15309,1788,1,0,0,0,0,0,0,
0,0,0,0,0,0,0,0,0,2,3,52,4636,441,4,1,0,0,0,0,
0,0,0,0,0,0,0,0,0,0,0,0,39,2957,293,1,1,0,2,0,
0,0,0,0,0,0,0,0,0,0,0,0,0,37,2663,263,0,0,0,0,
0,0,0,0,0,0,0,0,0,1,0,0,0,1,47,2539,234,0,2,0,
0,0,0,0,0,0,0,0,0,0,0,0,0,0,0,33,2446,244,0,0,
0,0,0,0,0,0,0,0,0,0,0,0,0,0,0,1,28,2533,296,0,
1,0,0,0,0,0,0,0,0,0,0,0,0,1,0,1,1,40,2704,274,
341,1,0,0,0,0,0,0,0,0,0,0,0,0,0,0,0,0,38,3053,


10111,2031,7,3,0,1,0,0,1,0,1,0,0,0,1,0,1,2,6,123,
43,3659,314,1,1,0,1,0,0,0,0,0,0,0,0,0,0,1,0,3,
5,173,15181,2281,7,3,3,0,0,0,1,0,0,0,0,0,0,0,2,2,
0,15,219,22479,4443,12,3,1,2,0,0,0,0,0,1,0,0,0,2,1,
0,0,1,62,4685,469,5,0,0,0,0,0,0,0,0,0,0,0,0,0,
1,1,3,8,276,35921,7346,12,3,1,1,1,0,0,0,0,0,1,0,0,
0,0,0,0,0,78,7152,698,5,1,0,0,0,0,0,0,0,0,0,0,
0,0,0,0,2,4,328,75948,35673,19,6,1,0,2,1,1,0,0,0,0,
0,0,0,0,0,1,14,664,340887,446173,19,2,1,1,0,1,0,0,0,0,
0,0,0,0,0,1,3,3,1815,703480,720339,9,2,1,1,1,1,0,0,0,
1,0,0,0,0,1,2,2,4,488,115690,18060,5,0,0,1,0,0,0,0,
0,0,0,0,0,0,0,0,0,0,194,15065,1969,0,0,0,0,0,0,0,
0,0,0,0,0,0,0,0,1,0,5,52,4027,379,2,0,0,0,0,0,
0,0,0,0,0,0,0,0,0,0,1,1,42,3206,422,4,0,0,1,0,
0,0,0,0,0,0,0,0,0,0,1,0,1,36,2670,292,3,0,0,1,
0,0,0,0,0,0,0,0,0,0,0,0,0,1,36,2906,362,1,0,1,
0,0,0,0,0,0,0,0,0,0,0,0,0,0,2,27,2384,235,1,0,
2,0,0,0,1,0,0,0,0,0,0,0,1,0,0,2,54,3569,620,0,
2,0,0,0,0,0,0,0,0,0,0,0,0,0,0,0,2,26,2544,268,
1209,3,2,1,0,0,0,0,0,0,0,0,0,0,2,0,0,9,90,6214,


