154639,3943,498,228,87,71,55,54,44,27,105,30,42,43,34,75,103,206,418,5355,
14072,495711,7689,803,407,229,173,123,113,109,637,86,69,55,86,95,116,211,325,717,
545,7602,292883,5589,717,271,167,126,63,48,235,56,42,41,41,63,53,77,138,240,
2544,5927,76129,1745824,34175,5042,2531,1628,1152,736,1958,423,308,311,311,351,425,575,760,1254,
105,203,639,8143,261445,7141,815,306,174,98,136,43,39,31,23,31,36,33,52,61,
913,1505,3098,10640,255137,2649524,45882,8125,3498,1780,1758,658,443,354,306,307,276,335,436,522,
544,700,1298,3325,12028,174287,2022365,45847,9798,4436,2440,995,531,390,288,248,249,254,310,412,
38,37,70,133,279,797,17565,510650,17871,1640,510,201,102,48,43,30,18,16,29,24,
39,39,57,76,140,333,1105,32945,810152,23823,1990,470,194,107,48,47,32,25,31,23,
443,556,645,955,1800,3361,9594,43035,358142,4523798,98995,10407,3884,1808,1081,661,503,417,400,371,
4561,4734,4923,5088,6245,9352,16549,49519,279524,2412188,37484726,224814,32933,13080,7695,5477,4893,4555,4413,4790,
29,24,22,43,34,59,93,205,522,1832,29522,476092,9437,914,246,117,69,47,32,32,
5203,4038,3209,2799,3195,4368,7395,16483,43719,154995,400703,1398246,16751229,305521,38383,16582,9329,7363,6659,6159,
4007,3360,2644,2360,2313,2879,4192,7427,16024,41240,84485,112894,634781,13612246,223577,20480,11162,7509,5988,5074,
3722,2977,2418,2065,2008,2272,2928,4328,7837,16427,37801,32382,43736,431410,11967729,192529,16010,9247,6001,4692,
3743,2789,2179,1804,1743,1848,2479,3378,5201,8798,22244,13295,17114,25075,330643,9075759,156529,14280,7287,5012,
4262,3004,2304,1980,1824,2126,2720,3312,4901,7776,18628,8723,8876,11515,20520,165740,6591279,141944,14337,6687,
3164,2055,1448,1152,908,886,1005,1213,1469,1921,7265,2312,2672,3213,5322,10836,92550,3716328,67735,6378,
422,231,127,77,53,46,51,48,62,52,229,42,86,84,123,245,508,5224,199878,4274,
5530,630,260,142,96,108,105,101,117,208,383,164,147,147,123,165,250,727,6276,185827,


154335,3989,499,221,133,64,59,47,36,37,120,38,35,40,40,87,103,200,445,5228,
132621,4639379,73542,7553,4515,3088,2575,2033,2025,2466,7992,1380,1211,1044,1071,1250,1741,2593,4357,10976,
664,7554,286912,5649,736,338,163,134,97,64,300,38,47,35,62,52,63,87,168,251,
249,514,6729,218690,5798,736,278,156,91,74,172,43,27,25,28,24,37,46,62,116,
233,350,724,15990,921114,13705,1113,535,307,221,1170,117,73,51,59,71,83,74,89,128,
66,106,220,641,10843,283652,7257,946,386,189,183,62,44,25,26,33,26,24,34,45,
52,78,117,228,690,10647,361257,10701,1174,425,256,118,83,40,25,24,24,21,27,35,
33,35,71,145,279,837,17340,511346,17979,1578,500,187,95,50,43,34,18,15,23,24,
27,44,65,64,145,337,1155,31677,804472,24255,1967,496,176,90,66,40,31,21,22,25,
37,14,43,69,88,172,414,1567,41477,930134,32648,1835,440,166,87,56,48,30,30,26,
84,89,103,118,127,182,262,542,2057,57051,1467043,18226,1269,392,212,157,124,107,80,103,
6940,5579,4487,4252,5017,8252,17928,45177,169137,1077086,4531272,26957367,624534,97439,29013,12874,8670,8469,8938,8381,
19,17,24,29,24,48,61,99,205,419,1282,12547,335103,8630,706,258,94,67,52,36,
41,30,20,31,23,30,34,69,89,146,466,986,11610,272763,7637,597,218,97,65,69,
43,26,24,28,25,24,29,45,51,97,259,287,790,9818,272427,7812,564,201,121,59,
95,68,33,27,29,29,28,43,48,73,267,166,320,810,11886,331079,6270,533,184,110,
135,72,64,50,28,37,29,38,61,54,328,107,157,278,805,8348,335363,6286,526,218,
271,156,116,82,70,97,94,97,144,177,544,191,201,223,353,797,8736,355276,6909,705,
12870,5893,3659,2705,2376,2549,3139,3792,5188,8119,19611,7188,5376,5174,5465,7551,16099,168323,6271644,134155,
37293,4557,2280,1470,1128,938,894,851,957,1199,2857,1009,986,978,1244,1759,3171,6693,64160,1567207,


158986,4197,534,198,125,89,53,30,43,44,109,29,29,34,46,67,109,216,492,5406,
8561,297300,6758,758,331,178,145,138,156,241,538,155,113,105,103,109,120,184,292,693,
609,8090,310065,5946,766,323,192,132,82,50,394,37,32,31,37,54,63,86,120,235,
208,506,6866,217493,5823,743,307,127,101,76,175,32,35,30,18,28,32,40,64,104,
1258,2336,6410,129455,2116311,38990,5506,2765,1501,1037,1694,509,395,273,289,315,313,353,558,728,
58,99,229,600,10769,283214,7244,931,341,185,168,58,46,34,19,25,20,31,24,49,
44,63,119,246,745,11746,384796,11182,1220,432,263,97,64,48,24,30,24,31,32,33,
35,40,86,123,295,889,17523,525486,19217,1582,556,195,99,61,35,37,33,21,21,31,
32,30,53,75,145,344,1136,30993,804162,24782,2054,476,165,107,44,37,33,18,16,32,
32,29,41,67,88,156,386,1572,40409,930072,33261,1760,444,151,79,61,37,33,23,39,
70,87,84,112,134,180,278,599,2064,55864,1464766,18484,1221,435,215,151,103,107,86,73,
28,24,19,32,46,66,82,176,500,1960,28394,481395,9972,904,267,119,77,51,43,30,
25,21,24,30,26,52,49,98,188,422,1343,12304,335714,9052,707,232,115,64,44,33,
37,35,34,26,29,27,41,76,113,236,496,1008,11196,274839,7633,619,211,111,82,49,
32,29,28,23,24,28,34,39,72,96,240,322,818,9799,270020,8009,526,181,101,63,
63,52,41,31,43,31,27,34,60,83,369,190,299,836,11982,332308,6472,540,221,105,
125,103,57,36,35,44,35,32,44,54,402,121,152,289,724,7984,326604,6058,538,206,
328,207,130,72,66,63,99,99,122,174,646,207,186,268,364,935,9841,397488,7963,805,
439,207,104,69,45,43,39,34,32,28,208,55,71,75,125,225,549,4899,183701,4407,
5731,715,243,141,100,84,103,97,176,223,437,166,156,145,121,173,308,745,6365,191582,


154132,4019,574,222,93,76,47,39,35,36,116,26,26,23,36,48,105,222,458,5137,
18967,669397,9390,783,453,337,225,131,96,113,889,68,69,88,96,104,151,263,338,776,
7867,106405,4105786,60703,6340,3627,2392,1722,1184,1074,5996,722,542,564,655,665,907,1266,1948,3274,
240,499,6486,213006,5696,720,288,146,90,75,168,35,29,24,26,39,37,39,63,101,
101,194,555,7698,260864,7650,857,322,189,93,150,42,32,33,19,20,24,30,56,54,
47,99,229,614,10388,283996,7456,885,400,177,166,69,43,33,35,30,29,29,35,30,
57,55,116,239,716,10280,361245,11190,1172,419,240,99,51,52,23,32,25,19,33,41,
37,39,80,159,293,915,17924,539765,19776,1627,611,183,89,71,47,30,20,27,30,33,
37,35,38,77,141,344,1100,30227,806325,25246,1982,492,190,79,50,36,24,35,25,36,
38,47,30,65,90,182,363,1639,39265,930730,33841,1763,367,172,85,57,38,39,35,35,
114,90,111,112,123,189,276,588,2056,54144,1469205,19142,1255,410,200,142,130,131,98,97,
27,21,30,26,36,57,94,196,514,1909,27246,473977,9844,886,261,121,94,54,43,27,
26,31,22,26,32,37,58,102,203,429,1247,11988,335759,9205,753,226,105,65,33,34,
33,23,36,35,18,36,54,61,83,144,411,979,11270,272823,7887,604,217,92,72,40,
50,19,24,15,20,19,24,51,64,85,201,280,749,9361,269153,8253,517,190,122,52,
47,53,27,26,24,40,25,38,60,85,239,135,306,805,11019,309444,6305,541,190,114,
128,95,66,31,33,28,24,34,42,65,382,122,171,272,671,7905,316270,6229,461,231,
328,174,122,99,72,86,86,106,127,231,608,224,211,228,403,837,8174,330446,6654,649,
455,211,103,57,38,54,30,28,40,37,227,43,63,92,143,223,599,5154,197747,4371,
16074,1043,539,347,301,213,165,197,192,279,1897,236,236,228,373,377,543,1105,16344,1122059,


2324284,49339,6468,3231,2131,1648,1290,1241,1330,1585,3281,1019,916,889,1070,1440,2117,3446,9225,122889,
10888,379488,7569,805,379,201,187,168,173,234,698,138,113,127,88,109,155,207,346,817,
630,11503,444360,7506,796,320,203,124,112,61,519,48,31,33,50,54,86,130,154,297,
202,531,6585,227717,6059,753,343,152,101,58,198,39,42,42,34,25,46,47,64,118,
106,241,545,7584,260811,7672,824,310,172,100,143,50,34,31,22,31,17,28,40,50,
64,107,193,634,10077,283472,7400,967,376,164,196,63,51,30,34,26,18,33,37,33,
39,66,131,235,718,9941,360761,11499,1158,403,257,97,59,46,21,30,20,31,39,32,
45,49,64,151,281,830,16711,519413,19793,1585,528,193,114,53,33,17,25,32,23,27,
32,30,47,84,147,318,1131,29401,804920,25931,2040,489,169,101,53,44,45,19,33,32,
22,36,46,69,84,182,402,1566,38246,930318,34805,1870,377,191,83,58,41,36,25,41,
83,86,86,108,130,195,277,539,2079,52550,1468835,19220,1182,444,193,167,119,118,85,86,
18,19,33,39,31,57,90,197,498,1849,26899,470880,9940,879,260,100,77,49,42,30,
28,27,30,21,29,38,60,95,177,452,1337,11964,336404,9339,670,253,131,60,41,32,
38,28,29,22,25,38,40,55,100,171,424,941,10817,273279,8192,623,204,111,59,41,
44,19,18,18,21,24,32,51,68,76,233,303,772,9430,268906,8392,576,206,97,77,
74,40,25,27,32,28,30,34,53,82,200,163,317,797,10931,302520,6298,548,207,131,
104,81,54,29,37,40,30,30,45,42,314,119,147,313,697,7171,289884,6038,525,230,
297,159,92,96,67,71,68,81,141,221,567,178,185,227,311,809,7676,307571,7284,692,
464,211,108,82,45,37,27,22,36,32,205,56,73,91,125,230,534,4904,184831,4215,
6356,776,318,177,120,112,132,134,137,215,486,209,157,133,154,186,318,816,8830,218679,


154208,4180,480,230,124,80,45,35,35,32,124,30,32,31,45,69,96,198,444,4949,
11957,417068,8031,798,393,253,183,183,189,264,750,163,105,106,113,92,133,214,297,808,
547,6271,238981,5457,677,309,160,93,77,61,217,49,35,32,31,51,50,65,102,214,
282,682,9980,246853,6755,782,305,193,119,70,144,41,35,36,34,42,40,64,89,133,
105,197,573,7518,260879,7904,858,347,158,82,159,38,32,26,19,24,20,38,29,59,
65,123,211,618,9932,285286,7688,928,372,188,181,58,45,47,29,26,24,19,27,33,
37,70,108,233,632,10024,360327,11761,1150,420,266,90,67,34,27,21,16,27,30,33,
22,43,81,139,313,847,15730,511465,19986,1620,578,181,99,69,36,33,13,18,32,34,
26,32,39,91,178,355,1174,28732,803987,26629,2053,505,189,93,56,34,34,24,16,15,
36,31,44,64,93,157,407,1587,37167,931924,35635,1864,400,179,82,52,48,32,32,21,
91,83,102,108,117,179,287,523,2054,50791,1469691,19607,1344,418,216,139,123,114,90,92,
27,33,28,29,39,57,102,221,490,1886,25933,470792,10169,828,278,116,80,55,33,35,
26,25,25,29,28,45,62,104,181,448,1322,11525,335705,9650,684,233,113,60,45,43,
39,22,38,25,18,36,39,56,111,191,495,1096,10826,274224,8323,634,221,110,68,36,
117,83,62,33,66,82,87,81,145,240,1387,561,1154,17647,1094231,18521,729,380,259,158,
63,37,38,23,26,28,33,40,47,58,277,136,275,792,10646,298273,6317,527,195,92,
119,84,60,44,36,29,24,27,35,48,346,97,126,289,733,7138,287038,6028,479,224,
325,147,113,93,70,68,89,142,153,199,637,220,180,268,405,928,8506,343213,7293,703,
450,196,113,67,43,37,39,32,20,50,191,43,62,94,143,221,549,4859,183582,4363,
6345,666,320,129,108,98,100,98,136,183,414,129,107,131,118,175,282,670,6487,215903,


154218,4301,516,237,126,77,51,44,40,38,98,40,32,30,47,57,101,202,465,4930,
10289,360863,7415,824,376,269,167,138,184,232,649,186,117,115,98,101,137,210,313,818,
848,14193,548571,9561,1062,536,289,171,123,98,638,75,70,72,73,90,107,167,227,353,
216,591,7504,251867,6811,758,332,180,124,80,219,32,34,27,27,35,34,48,86,110,
96,220,583,7248,261131,8041,795,307,194,88,134,53,24,19,20,29,31,25,35,73,
58,92,230,621,9885,292115,7870,960,385,166,197,67,37,31,27,16,25,25,27,44,
45,73,128,261,723,10916,389926,12643,1271,443,271,121,65,43,32,34,21,30,31,44,
389,525,795,1421,3456,11452,305449,3929391,78247,14152,5946,2003,1041,639,384,328,285,289,323,351,
42,53,51,109,185,452,1591,37531,1014075,31261,2429,618,257,137,71,44,50,32,31,36,
31,28,41,54,106,168,375,1538,36094,931054,36956,1845,471,150,83,51,35,34,24,38,
83,80,83,111,146,177,250,551,2042,49496,1472901,20205,1304,403,211,161,122,111,93,76,
25,25,35,32,27,67,85,177,472,1939,25234,471170,10296,840,281,117,70,49,32,37,
36,30,18,22,21,38,51,97,190,440,1314,11313,334993,9724,694,213,130,69,45,31,
36,27,24,18,24,27,27,66,100,182,454,951,10474,272099,8453,642,219,106,51,43,
32,21,28,26,20,21,25,32,67,96,219,305,794,8896,269143,8910,591,197,91,57,
70,34,37,32,30,27,25,40,48,72,215,163,279,832,10336,284200,6301,556,196,105,
144,77,46,34,39,40,37,43,38,47,286,127,162,297,708,7174,288733,6121,493,209,
315,186,121,72,53,54,77,111,124,209,544,187,189,226,323,801,7426,295235,6876,644,
409,214,120,81,50,35,46,25,33,41,173,52,78,77,112,225,519,4603,174025,4371,
6170,628,267,184,90,90,102,109,137,234,465,157,129,118,129,172,283,707,6223,208606,


154732,4283,543,199,123,73,43,37,30,40,105,28,32,37,47,63,120,189,469,4845,
8267,289271,6832,740,364,226,171,172,180,289,643,154,123,92,85,92,133,199,303,747,
479,6344,241876,5646,686,277,157,102,72,68,253,38,25,38,42,38,48,91,123,229,
219,531,6474,241673,6562,751,268,177,79,81,206,40,26,34,32,33,32,55,84,104,
108,218,534,7496,277232,8353,779,330,173,101,164,45,28,27,22,26,33,33,35,83,
67,118,211,673,9798,306243,8161,977,371,187,232,87,42,38,24,23,29,25,30,34,
48,67,128,240,669,9606,360986,12134,1090,383,250,94,75,53,29,27,22,24,27,26,
39,46,78,141,283,832,15234,518334,21429,1651,511,190,109,61,41,29,25,27,28,24,
35,49,46,92,147,343,1156,29778,859159,28327,2091,525,190,96,60,39,37,18,32,30,
189,147,234,294,541,1046,2746,11918,643470,8348400,91844,7443,1820,798,392,255,201,157,133,155,
82,93,93,108,133,185,249,572,2033,48061,1471171,20759,1265,436,225,151,110,94,102,79,
200,210,195,238,283,446,720,1461,4659,19981,1109912,14320424,101804,10652,2764,1170,554,357,298,209,
26,29,22,25,32,48,61,86,195,422,1297,11305,335976,9869,707,238,107,63,58,37,
38,31,38,29,30,47,53,61,108,238,460,1094,10218,275643,8691,572,206,102,71,47,
44,33,34,26,20,31,26,34,62,97,245,323,792,8876,269520,9072,562,188,101,62,
729,425,375,363,364,345,358,475,584,917,3792,1837,3151,9096,182308,5066978,71609,4911,2012,1270,
111,57,36,38,41,43,35,32,43,71,291,114,140,258,767,6947,279543,6279,510,215,
607,359,312,213,204,196,225,335,379,496,1737,608,570,684,836,1997,23696,955722,18386,1565,
412,217,118,79,50,38,34,35,20,40,175,36,61,74,129,223,525,4789,179795,4402,
8985,1015,401,243,159,136,160,180,220,323,657,290,220,209,199,246,376,1086,11486,298655,


153829,4416,536,231,116,85,53,42,34,38,110,27,43,35,54,62,101,178,459,4585,
8292,285550,7060,745,360,255,185,162,154,262,428,143,118,96,93,95,135,132,270,814,
511,6294,247617,5600,674,297,152,107,64,59,214,46,33,17,25,38,54,90,138,234,
231,560,6619,247949,6643,761,319,165,103,78,197,61,31,24,35,37,46,60,68,104,
107,215,595,7255,274855,8301,770,338,153,94,161,28,41,24,29,24,24,39,55,73,
70,99,226,653,9679,304994,8173,913,349,188,209,60,39,37,22,42,25,30,29,41,
44,63,116,218,756,9126,360449,12267,1190,404,278,124,65,47,34,25,32,20,25,41,
25,57,70,114,278,848,14693,509893,21533,1539,585,174,91,64,37,34,23,24,26,24,
28,37,49,68,135,328,1113,26364,805632,28616,2014,516,213,84,48,31,33,24,19,32,
36,28,39,60,73,159,392,1582,34337,930414,38461,1885,416,178,72,58,44,37,17,27,
14808,12537,10985,11002,12415,18909,35330,101592,570719,35317596,553518338,3692577,352182,70400,29035,17460,15857,16760,17163,16397,
24,32,39,20,47,56,101,184,491,1915,23782,472552,11017,810,276,139,57,47,40,37,
31,14,29,23,29,35,59,81,187,403,1279,10986,335442,10025,713,228,104,54,42,36,
65,54,50,51,67,70,72,135,209,354,1271,1273,16178,864683,15944,825,364,186,169,107,
36,33,20,22,31,21,35,40,56,83,213,286,827,8612,269918,9184,574,191,95,77,
54,52,30,25,31,21,35,26,42,59,212,151,280,779,9677,269788,6442,570,226,120,
1307,761,522,462,373,377,327,375,463,578,4310,1349,1780,3264,7172,103195,4172793,66743,4517,2146,
289,162,117,83,61,75,89,80,107,165,491,199,196,249,412,777,7130,286099,6684,676,
447,200,85,74,33,33,31,33,32,34,173,43,52,98,115,202,506,4449,166187,4501,
7880,831,351,186,145,127,176,216,264,385,649,295,241,196,181,216,339,899,8773,265655,


154216,4450,537,227,128,67,52,39,32,41,121,40,35,39,49,69,123,179,478,4674,
10711,375453,8416,954,462,292,209,196,265,348,792,248,172,154,121,141,153,246,411,938,
926,18942,1053629,15247,1158,629,362,262,186,140,1322,121,75,62,74,91,125,201,319,506,
259,493,6401,243018,6571,766,332,188,120,76,199,42,43,22,44,33,63,65,71,104,
105,187,569,7290,278086,8567,858,307,163,91,192,43,28,22,28,26,20,29,41,63,
74,105,202,644,9707,326277,8774,911,344,196,235,58,45,36,17,27,20,26,30,40,
56,75,121,234,739,9221,360126,12523,1158,440,252,103,70,44,30,22,26,20,26,42,
317,420,536,1032,2185,6228,318462,7999507,120159,12293,4458,1538,792,464,297,182,190,187,210,226,
888,1020,1423,2214,4059,10369,40063,1518462,33585091,373939,41666,10635,3958,2046,1254,852,775,669,704,724,
28,31,43,54,73,172,437,1467,33188,929376,39334,1842,408,145,75,57,42,28,29,37,
76,81,108,104,119,173,253,582,2095,45501,1471736,21496,1264,432,224,150,127,122,92,92,
27,29,25,38,37,66,89,206,440,1894,23258,472524,11032,833,280,140,79,48,38,44,
26,14,30,26,39,52,68,116,176,410,1321,10769,336519,10407,696,227,99,83,46,39,
33,36,37,32,32,33,48,47,105,182,421,917,9828,272913,9104,623,222,103,78,40,
38,25,22,29,28,34,28,52,58,104,221,281,759,8458,268283,9366,493,229,98,73,
57,36,49,27,34,37,26,34,36,57,182,141,307,798,9613,266487,6451,531,204,113,
119,76,52,45,34,36,30,38,33,55,285,81,168,296,688,6459,264397,6007,504,228,
3461,2111,1494,1219,1190,1122,1303,1755,2456,3774,9555,3814,3184,3424,4687,8608,97888,3912179,86518,7780,
490,194,130,81,45,25,38,33,34,29,178,46,70,83,113,212,490,4277,160985,4350,
6534,665,278,130,100,88,76,88,157,206,520,153,118,117,137,159,279,690,6623,217966,


154546,4566,500,212,121,77,50,35,41,33,125,41,36,42,55,75,112,187,447,4487,
8325,288130,7356,825,335,212,168,190,165,222,556,209,129,87,78,96,123,193,316,791,
1337,17745,680383,14999,1751,873,522,330,315,285,785,161,118,162,136,146,125,223,360,665,
204,541,6339,255261,6911,725,345,186,98,64,235,37,40,26,27,25,48,55,87,89,
107,217,558,7217,279676,8609,811,339,183,119,162,36,31,34,20,26,39,35,45,76,
58,133,241,643,9607,308677,8325,960,368,185,181,59,44,32,28,26,32,34,42,37,
55,63,134,252,750,8784,360796,13060,1128,415,230,93,56,41,35,28,27,33,27,31,
44,45,68,140,271,855,14095,507655,22856,1626,545,178,112,41,52,28,22,32,28,26,
24,37,53,85,166,340,1077,24937,804842,29900,2066,474,193,90,43,42,14,23,31,29,
3202,3349,3188,3553,4985,9972,27065,134401,3166668,162758100,2323301,115202,23531,8528,4228,2370,1819,1824,2166,2625,
75,83,79,89,138,170,282,529,2028,44355,1476504,22031,1227,427,236,157,125,110,84,89,
22,24,39,36,38,65,97,192,498,1928,22774,473407,11135,840,284,133,64,33,40,39,
15,35,28,25,32,54,56,103,191,419,1335,10468,335807,10555,666,243,112,71,40,35,
45,28,20,26,30,25,41,48,109,183,447,983,9504,272642,9271,637,223,102,60,42,
32,25,26,29,26,28,32,35,37,114,259,314,788,8370,268208,9695,575,177,90,60,
62,28,26,40,25,31,32,30,36,60,211,150,266,782,8999,248635,5920,536,182,116,
115,89,45,38,24,20,26,25,33,58,243,105,148,278,689,6459,260640,6091,490,183,
262,164,84,75,50,67,59,66,132,217,524,161,153,203,319,741,6973,280084,6856,701,
4063,1768,1024,657,594,512,543,614,656,902,1821,870,810,904,1158,2093,4756,44438,1653188,47450,
7003,745,304,146,133,114,105,92,141,198,434,169,108,133,164,186,303,735,6403,237883,


1730593,63043,5306,2039,1217,977,913,922,1145,1652,1580,981,746,655,654,654,952,1877,4767,48888,
16526,1045503,14849,1040,602,368,389,213,216,248,1684,188,174,180,146,187,246,350,586,1101,
602,7095,271753,6942,818,314,205,119,96,60,305,70,29,50,34,46,78,91,158,241,
223,544,6239,251276,6807,783,310,155,101,69,228,35,27,40,19,35,45,53,61,132,
107,232,571,7337,303165,9246,875,326,163,110,197,47,35,33,25,24,26,34,43,68,
69,124,225,673,9575,332337,8890,976,389,196,203,69,47,26,25,25,25,22,38,42,
49,51,115,242,693,8803,360308,13203,1208,455,267,108,66,35,33,30,23,34,22,39,
35,51,84,131,284,816,13666,510902,23266,1619,515,224,107,54,34,36,27,29,31,32,
31,39,46,74,158,340,1087,24502,804253,31093,2045,528,183,82,54,24,26,25,29,27,
34,30,42,67,90,167,378,1560,31170,932234,41666,1977,409,170,72,44,29,29,35,36,
597,510,637,659,718,782,919,1320,2736,48634,6338245,28758,2138,1057,756,743,705,747,570,456,
136,133,143,165,222,299,466,736,1227,2773,49342,2818938,37285,1644,833,515,396,224,131,131,
33,27,21,20,35,47,49,91,202,461,1372,10944,357088,11573,741,248,131,74,45,30,
34,34,30,14,25,32,35,62,110,200,467,1002,9392,273478,9397,643,233,122,67,43,
39,32,34,20,24,21,25,33,46,91,226,296,798,8326,268593,9838,552,189,87,65,
61,39,28,28,33,27,28,39,32,64,169,143,295,758,8670,241885,6065,502,189,105,
126,58,46,34,33,29,31,41,49,51,247,113,185,297,661,6532,263757,6322,505,206,
300,165,103,75,57,76,110,138,120,204,605,241,242,239,393,827,7035,283823,7693,738,
456,193,102,73,48,29,36,33,35,28,129,42,59,85,112,222,538,4220,161225,4451,
6964,748,286,172,109,83,112,113,152,218,486,167,148,119,143,212,306,753,6479,235971,


154232,4728,507,224,100,58,52,34,44,37,118,35,33,34,46,59,120,196,417,4498,
62108,2111841,75446,7140,3511,2365,2185,2088,2269,3543,4963,2138,1571,1262,1173,1052,1210,1798,2924,6666,
508,5447,210014,5669,706,301,146,118,64,57,208,23,25,33,31,46,57,44,76,199,
202,491,6473,266746,7085,777,299,163,97,57,225,29,39,29,22,39,45,47,82,124,
113,230,574,7218,314920,9620,823,340,168,104,241,49,40,33,30,16,26,27,54,65,
812,1302,2355,5608,94945,6227920,165745,10053,4711,2631,5204,814,565,413,325,334,323,326,349,597,
546,879,1196,2137,5340,86644,6944154,288834,14024,6456,4610,1610,873,547,388,316,310,297,404,481,
29,38,62,143,275,826,13458,508990,23767,1527,557,200,86,62,39,31,17,32,18,31,
23,46,53,99,130,344,1084,23632,805967,31971,2071,485,196,102,46,34,24,20,17,29,
24,35,45,62,88,174,391,1537,30754,930617,42848,1903,423,165,83,66,44,33,31,27,
98,98,97,97,130,182,304,678,2666,46564,2147687,77294,2411,611,278,178,107,131,124,107,
113,83,99,98,149,214,349,655,1742,6608,67798,6416446,440612,7871,1785,739,416,224,184,133,
295,290,249,261,266,337,520,792,1537,3485,9981,90685,7141956,356253,7149,2561,1155,729,498,384,
29,25,29,19,20,32,42,49,98,182,422,951,9214,273704,9715,676,223,99,67,51,
43,28,26,26,26,23,31,36,44,95,232,306,804,7850,269187,10305,561,215,104,65,
59,41,32,32,24,38,29,30,42,66,179,154,279,750,8545,241104,6229,517,160,104,
105,65,48,39,36,20,27,34,34,40,192,82,141,236,711,5927,237778,6000,484,184,
406,316,220,135,118,133,118,161,193,266,1502,323,364,422,626,1122,12616,815169,15577,1018,
431,164,106,59,55,36,27,26,31,36,120,39,65,88,117,222,503,3933,148945,4387,
152558,10216,4183,2956,2180,1991,2391,2778,3232,5060,11626,4152,3190,2785,2697,3382,4552,9534,101608,5132809,


153780,4720,557,195,136,62,60,46,33,33,122,30,32,34,58,62,122,185,415,4393,
7170,248246,7213,821,353,224,172,186,169,292,471,163,132,116,106,134,146,177,314,755,
543,5328,209407,5961,652,261,161,62,65,58,219,30,29,39,26,25,44,69,122,238,
1341,2314,42256,3070283,82148,4023,1885,1351,903,646,3238,339,285,229,182,255,308,360,563,875,
126,222,657,7246,311091,9593,881,325,179,132,196,47,25,38,23,26,24,58,47,73,
80,131,225,651,9431,353655,9532,967,392,197,273,66,50,38,28,16,33,43,32,54,
53,65,132,214,695,8559,360357,13813,1161,447,251,109,58,38,32,27,14,24,27,31,
32,40,76,139,252,798,13027,507410,24358,1704,574,190,85,49,19,26,23,21,25,24,
32,44,45,88,146,326,1085,23238,804182,32634,2054,490,187,98,56,35,21,29,33,28,
35,32,46,44,80,164,405,1566,29897,930267,43848,1892,437,173,83,54,41,18,39,31,
114,79,90,107,139,195,269,626,2642,44017,2082236,90728,2786,560,237,192,135,130,110,104,
37,44,49,37,51,80,121,185,593,2276,24906,1042793,72597,1653,534,248,144,62,50,45,
30,29,20,31,34,53,68,130,173,408,1239,9875,335367,11465,671,218,114,57,39,34,
512,393,376,322,353,396,578,817,1689,3055,5994,11618,72257,4123270,243220,10055,3210,1490,820,649,
392,264,203,196,218,215,274,351,610,1061,1815,3047,6987,56058,3178367,194574,4893,1710,861,605,
61,38,28,29,26,36,31,32,43,48,178,140,276,787,8341,243979,6341,519,192,107,
98,73,58,35,32,37,39,31,33,46,237,90,140,268,696,5960,240506,6060,464,209,
277,153,130,80,74,59,59,103,79,147,539,199,181,240,380,763,6373,257703,6514,622,
458,202,103,58,59,38,34,39,39,39,130,34,65,77,107,203,509,4072,154275,4544,
7605,714,279,167,130,100,128,136,141,208,540,236,131,129,155,229,351,825,6587,253727,


154976,4802,519,236,106,65,48,35,40,35,113,23,38,30,50,79,118,164,439,4406,
7158,249171,7125,795,326,208,171,170,130,198,466,174,99,122,118,107,110,156,288,729,
546,5341,208555,5887,692,285,130,84,49,43,184,30,26,28,31,45,45,65,89,217,
317,734,8225,364778,9888,1056,425,236,159,160,381,69,52,65,61,59,38,73,108,151,
1987,3275,6361,119934,8853417,268679,12648,5146,3218,2090,7877,818,541,564,508,490,551,648,791,1224,
71,113,248,669,9520,375677,10137,936,401,171,357,77,42,33,28,26,27,25,30,42,
48,69,125,229,735,8163,360969,14288,1151,420,257,107,67,36,39,22,36,20,27,37,
40,51,69,108,268,780,12746,507979,25017,1586,592,195,100,59,43,29,30,18,25,26,
31,37,45,80,168,344,1055,22473,802962,33276,2057,461,180,111,75,39,32,26,29,38,
36,33,39,70,70,167,379,1563,28826,929312,45072,1842,419,166,89,55,34,37,19,30,
125,161,161,182,191,226,308,666,2587,43460,2375374,104290,2727,690,248,188,186,176,143,122,
48,45,31,40,64,81,118,246,583,2256,23957,1024564,70906,1536,414,185,115,76,39,36,
23,33,22,37,40,42,58,116,185,415,1258,9534,335372,11664,693,225,106,72,55,39,
34,29,33,33,30,29,35,62,88,238,478,946,8918,286934,11750,632,224,113,59,39,
37,32,26,26,24,24,35,46,59,93,218,316,846,7629,270255,10446,533,224,106,60,
59,49,37,23,33,34,27,33,46,65,166,138,267,792,8188,240624,6420,488,173,121,
135,69,43,38,28,32,21,22,34,49,239,101,147,261,636,5567,230685,6023,455,160,
233,143,106,77,85,78,98,99,112,181,557,178,172,185,347,752,6194,245515,7880,660,
820,532,454,293,176,149,128,103,124,130,2236,123,243,326,399,568,895,16620,1268377,17337,
6627,720,267,178,120,97,104,115,152,232,507,228,140,130,128,194,340,724,5767,223901,


154117,4902,537,226,108,74,57,42,32,38,118,27,30,25,38,65,103,203,423,4309,
7098,245112,7303,793,394,240,207,161,155,245,577,161,113,124,108,111,142,167,317,824,
1500,15813,858060,30287,2189,944,490,305,225,157,843,124,99,110,123,130,168,258,420,579,
239,511,6222,282573,7581,736,294,139,97,74,267,40,38,29,33,33,43,48,57,99,
142,221,572,7435,346345,10465,840,349,190,118,261,57,39,39,31,35,38,50,56,59,
55,100,249,652,9384,369556,9944,925,422,200,327,84,53,41,36,26,28,23,35,39,
50,68,114,225,694,8519,369590,14919,1240,385,256,106,50,18,29,29,22,27,30,43,
41,50,65,137,241,826,12670,507226,25864,1711,578,179,88,49,36,27,21,21,26,32,
31,36,56,60,164,331,1047,21537,804761,34462,2069,499,191,94,64,31,20,24,27,27,
40,27,24,58,79,149,401,1479,28299,928118,46334,1847,413,171,93,53,26,39,24,26,
164,127,169,176,175,209,311,650,2480,41059,2253990,100600,2197,594,301,225,167,150,147,127,
26,45,32,37,37,42,117,213,502,2055,21504,607748,27791,1089,351,154,100,77,46,40,
39,27,18,22,39,40,56,85,163,452,1313,9667,334196,12047,681,265,103,61,52,40,
131,119,106,79,93,129,177,211,389,685,1423,3641,25476,1156806,67754,3952,1041,508,293,212,
32,32,20,30,25,33,29,49,54,96,197,319,778,7579,268320,10831,535,198,93,75,
62,53,28,30,28,30,26,29,50,65,163,143,260,777,8154,240994,6467,503,174,106,
103,67,35,37,30,27,25,35,36,44,244,102,129,248,646,5505,224636,6148,465,196,
259,160,107,99,66,68,78,129,122,170,477,228,179,222,327,807,6615,267238,8114,688,
436,191,110,63,41,41,29,34,26,36,140,40,52,76,110,222,468,3854,151007,4644,
7236,664,296,157,112,86,99,142,115,245,582,205,178,140,106,197,305,691,6151,247793,


6639816,74063,3081,2526,2036,1320,956,741,665,562,11219,465,589,593,834,1333,1973,2275,3056,81248,
6757,235113,7083,769,331,217,141,164,143,198,438,155,103,92,98,100,122,181,272,706,
474,4832,186051,5762,684,265,131,90,55,50,156,50,25,22,31,41,57,60,82,212,
908,1949,31597,2197513,58785,3536,1338,854,514,388,2606,191,143,161,142,138,239,259,374,500,
124,233,573,7189,343491,10522,885,353,186,101,279,42,32,32,33,49,33,38,53,72,
76,131,244,687,9424,379869,10262,1003,394,188,338,92,56,28,39,34,46,38,54,63,
47,81,111,235,683,8235,359124,14866,1169,419,244,74,58,47,30,25,30,35,31,40,
38,51,74,115,274,800,12310,507967,26320,1557,574,181,94,63,39,34,27,21,24,27,
35,37,50,78,140,323,1116,21432,803876,35025,2133,506,188,96,49,32,28,22,19,29,
34,51,44,55,98,174,405,1565,27718,928713,47383,1953,458,194,82,46,39,34,22,40,
153,148,186,178,202,279,342,765,2640,40637,2750770,120391,3042,689,370,279,223,175,222,158,
34,35,34,29,37,57,101,218,527,1958,21496,715990,47761,1065,349,164,88,61,48,42,
28,29,22,28,29,37,53,85,193,411,1287,9545,334510,12347,691,237,124,71,43,31,
47,37,28,28,46,62,52,59,111,235,469,989,8633,285194,12468,627,211,103,86,67,
51,37,22,23,25,25,28,43,68,90,231,295,786,7508,269248,10996,574,187,99,66,
56,49,41,27,18,30,27,25,31,48,175,166,272,696,7851,241191,6778,515,192,77,
117,84,73,48,26,31,34,23,44,47,232,71,132,257,689,5554,224539,6272,451,185,
262,138,94,71,74,46,61,70,91,156,469,195,169,214,317,775,6224,248270,8404,690,
447,191,91,75,43,37,38,33,34,23,138,44,53,80,110,197,489,3635,138745,4521,
15315,1290,503,291,190,161,158,180,216,304,1030,383,253,246,283,421,541,1128,11324,518242,


154122,4984,527,219,118,72,51,42,31,36,120,31,32,30,47,71,109,179,455,4044,
6226,218946,6984,730,360,192,137,149,168,198,383,149,131,95,84,104,116,144,276,724,
1038,9637,440040,15537,1524,616,323,160,115,96,304,72,75,51,44,83,116,116,255,486,
279,572,6441,302185,8245,826,299,210,108,73,310,37,40,41,43,42,41,57,81,101,
120,265,637,7873,373406,11431,934,377,165,118,287,57,39,41,29,21,32,32,51,62,
78,128,219,650,9212,393769,10566,1034,407,185,317,60,45,44,19,27,45,28,45,63,
62,111,176,368,1100,13560,692165,28941,1984,690,424,200,103,43,46,53,32,40,59,50,
41,45,55,126,276,853,11788,507789,26948,1600,545,204,98,60,36,29,24,24,22,32,
26,40,45,75,122,349,1067,20529,804938,35991,2076,468,191,78,52,30,31,25,27,36,
48,52,69,106,145,281,522,1839,29121,1050496,57057,2418,609,318,148,89,54,51,51,51,
164,182,183,208,286,327,401,822,2580,40171,2830533,125563,2840,758,500,300,226,248,215,189,
28,43,35,49,51,83,131,240,632,1972,20232,528431,17599,1160,377,181,100,58,61,35,
28,21,19,28,27,40,57,78,195,456,1312,9173,335227,12735,677,239,114,68,55,28,
33,23,15,19,30,31,50,52,95,169,415,964,8291,272194,10809,659,193,95,61,49,
44,30,36,29,23,35,31,30,59,113,220,293,779,7298,269204,11193,628,203,107,54,
51,43,36,32,33,25,24,30,40,63,188,134,282,725,7572,241527,6870,494,188,90,
1288,751,571,453,379,324,318,330,458,695,2170,1028,1552,2432,4460,33555,1641553,82427,6096,2244,
229,130,69,85,40,48,41,64,67,92,299,125,135,200,286,680,5488,227289,8942,563,
424,187,104,65,43,39,27,30,40,43,131,39,61,76,104,189,496,3641,138353,4754,
7510,803,295,143,121,94,110,108,153,178,590,191,153,145,139,185,309,731,5980,254867,


154039,5225,572,222,123,78,54,53,35,21,108,22,39,39,56,69,99,196,437,4035,
34178,1372063,58438,6390,2725,1740,1115,899,871,859,2041,611,538,512,541,628,848,1228,2009,3959,
491,4698,182796,5858,631,251,149,85,42,47,140,26,25,21,28,39,46,85,107,184,
245,537,6410,305666,8302,796,320,154,94,58,264,60,68,39,27,33,38,78,63,110,
140,229,614,7512,368170,11241,880,344,188,132,267,50,39,53,32,23,31,45,45,84,
67,138,233,667,9482,413874,10989,983,455,204,403,70,56,37,38,31,35,28,45,52,
4754,5421,6358,10245,19382,231944,13973375,592002,93262,58866,48096,17201,7277,4074,2883,2519,2636,3100,3768,4141,
5730,5399,6116,9003,15957,36870,330250,21060797,1922412,282088,140744,45313,16084,7475,4284,3594,3483,4258,4908,5371,
36,39,50,111,151,357,1074,19965,804095,37002,2037,502,179,83,56,46,34,31,36,33,
28,42,45,49,105,160,412,1629,26948,1150986,81197,2140,486,206,97,52,36,29,36,30,
238,233,193,220,274,335,457,724,2491,38525,2916281,128597,2974,984,447,299,301,172,199,201,
73,54,64,83,88,113,227,388,995,2917,24840,717977,32771,2271,628,277,175,114,95,76,
34,32,15,29,21,36,67,105,192,384,1212,9021,335033,13008,675,236,125,69,55,29,
33,26,25,21,18,32,42,62,96,223,481,1023,8198,274054,10874,661,222,117,70,48,
32,30,34,22,19,25,26,34,67,100,216,306,801,7144,268590,11637,523,207,114,65,
64,39,39,25,28,23,32,28,46,58,182,147,268,792,7560,241303,6862,500,206,99,
108,86,39,43,32,26,27,20,49,34,207,96,151,266,649,5358,218914,6299,488,189,
2635,1345,866,567,481,431,450,535,617,826,2542,1026,1091,1614,2475,4703,33502,1576048,63653,6326,
9110,3527,1840,1265,987,913,871,1071,1186,1435,4095,1607,1535,1752,2093,3212,5862,46562,2305295,83428,
7677,689,301,171,108,108,104,106,110,171,554,206,127,124,153,156,291,689,6207,257413,


1846318,117618,12132,4928,2997,2670,3162,3895,4650,7413,10591,5621,3894,3059,2645,2394,2770,4500,10837,81462,
6195,216441,7051,765,325,182,154,142,135,236,448,166,104,91,67,79,131,165,266,751,
12755,105393,3968021,119412,15512,7738,5919,5161,5137,7295,11316,4142,2946,2358,2073,2007,2037,2562,3361,5431,
6487,13290,126168,5808329,158722,21193,11422,8698,6860,7383,13124,4133,2775,2171,1879,1788,1863,2305,2928,3987,
4063,6141,12457,112130,5103420,158737,23129,14927,11164,9540,13068,4784,2850,2038,1689,1612,1716,2080,2500,3141,
4193,5392,7547,14179,164588,8946224,242358,39131,28988,21645,24906,8288,4137,2813,2177,1906,2171,2473,2944,3562,
51,72,126,220,696,7999,378619,15929,1179,409,295,104,45,44,32,23,24,28,18,42,
45,49,57,114,270,849,11586,513919,28768,1580,585,199,108,62,42,30,24,20,16,26,
6596,5911,5519,6655,11019,25146,75201,519750,28321116,4640895,790022,165547,42046,16231,7887,5359,4872,5379,6249,6291,
7447,6157,4814,4197,5488,11473,31633,127803,819052,98768490,35448892,1001451,136927,35471,13291,6954,6301,6974,7806,7900,
2369,2375,2261,2737,3349,3950,4625,7105,15494,122708,28052400,1251770,44443,11648,5708,3963,3290,3009,2622,2441,
173,206,193,193,263,309,516,886,2082,5526,43895,1762604,124062,10790,2698,1141,635,441,292,246,
218,218,226,197,294,300,460,642,1229,2593,7257,38579,1669125,87405,8884,2619,1126,629,396,312,
85,75,57,65,65,94,106,134,213,473,900,2081,13753,514346,26720,2205,637,267,186,103,
504,405,321,289,284,315,356,434,736,1187,2424,2948,6508,41227,2352929,193212,8341,2757,1169,692,
812,537,400,352,336,353,336,442,660,824,2260,2002,3238,6095,39594,2003392,111966,7733,2659,1440,
95,81,50,37,34,26,28,28,25,33,186,99,128,262,601,5075,208557,6354,513,203,
264,159,84,73,48,51,61,79,107,171,474,179,188,191,329,738,5551,221292,8242,611,
410,189,112,61,45,31,34,26,25,28,112,32,55,73,112,182,521,3589,137491,4629,
78671,7382,2957,1500,1153,982,794,942,1031,1393,4908,1138,978,1037,1188,1586,2243,4785,48402,2656532,


