0.931122,0.0236776,0.00298972,0.00136879,0.000528303,0.000408234,0.000324186,0.000324186,0.000264152,0.000168096,0.000648372,0.0001741,0.000252145,0.000258148,0.000204117,0.000450258,0.000630362,0.00123671,0.00250344,0.0324666,
0.0270571,0.949861,0.014737,0.00153331,0.00078007,0.000436993,0.000333494,0.000235746,0.00021658,0.000206996,0.00122665,0.000164831,0.000132248,0.000105415,0.000164831,0.00018208,0.000224246,0.000402493,0.000622906,0.00137614,
0.00176487,0.0244945,0.947967,0.0180891,0.00231862,0.000877579,0.000544034,0.000408026,0.000204013,0.000155438,0.000744809,0.000184583,0.000136009,0.00013277,0.00013277,0.000204013,0.000174868,0.000252587,0.000440409,0.000773954,
0.00135101,0.00314723,0.0404045,0.927503,0.0181545,0.00267759,0.00134358,0.000865966,0.00061202,0.000391013,0.00104128,0.000224726,0.000164162,0.000165224,0.000165224,0.000185944,0.000225789,0.00030601,0.000403763,0.000667272,
0.000374605,0.000720669,0.00226904,0.0293441,0.935068,0.0254874,0.00290765,0.00109171,0.000617207,0.000346064,0.000510177,0.000156977,0.000139139,0.000114165,8.20564e-05,0.000117733,0.000128436,0.000121301,0.000185519,0.000217628,
0.00030575,0.000504337,0.00103747,0.00356318,0.0854664,0.887459,0.0153655,0.00272161,0.00117243,0.000596431,0.000590403,0.000220354,0.000148354,0.000118549,0.000102475,0.00010281,9.24283e-05,0.000112187,0.00014601,0.00017481,
0.000238356,0.000306708,0.000568724,0.00145686,0.00527011,0.0765122,0.886633,0.0200876,0.00429566,0.00194409,0.00107391,0.000436401,0.00023266,0.00017088,0.000126188,0.000108662,0.0001091,0.000111291,0.000135828,0.000181396,
6.90599e-05,6.72425e-05,0.000127216,0.000238075,0.000507045,0.00145208,0.0318948,0.928327,0.0324781,0.00297866,0.000928674,0.000367108,0.000183554,8.90509e-05,7.81467e-05,5.4521e-05,3.27126e-05,2.90778e-05,5.4521e-05,4.36168e-05,
4.47209e-05,4.35742e-05,6.53613e-05,8.4855e-05,0.000160536,0.000381847,0.00127053,0.0378293,0.929389,0.0273187,0.0022865,0.000540091,0.000222458,0.000122696,5.50411e-05,5.50411e-05,3.66941e-05,2.98139e-05,3.55474e-05,2.75205e-05,
8.7318e-05,0.000109839,0.000127421,0.000188662,0.000355593,0.000663379,0.00189531,0.00850165,0.0707817,0.893875,0.0195567,0.00205513,0.000767094,0.000357371,0.000213751,0.000130582,9.93686e-05,8.23792e-05,7.90208e-05,7.32918e-05,
0.000112412,0.000116724,0.000121356,0.000125348,0.000154055,0.000230565,0.000407806,0.00122004,0.00688767,0.0594382,0.923728,0.00553954,0.000811547,0.000322352,0.000189636,0.000134933,0.000120568,0.00011219,0.000108789,0.00011803,
5.57406e-05,4.61302e-05,4.2286e-05,8.26499e-05,6.53511e-05,0.000113403,0.000178754,0.000395951,0.00100718,0.00352319,0.0568958,0.916649,0.0181445,0.00175871,0.000472834,0.000224885,0.000130702,9.03382e-05,6.15069e-05,6.15069e-05,
0.00027112,0.000210506,0.000167248,0.00014588,0.000166466,0.000227653,0.000385416,0.00085912,0.00227877,0.0080782,0.0208842,0.0728789,0.87312,0.0159235,0.00200031,0.00086428,0.000486265,0.000383748,0.000347005,0.000320997,
0.000270573,0.000226817,0.000178537,0.000159359,0.000156051,0.00019427,0.000283133,0.000501712,0.00108209,0.00278474,0.00570527,0.00762373,0.0429346,0.919411,0.0150972,0.00138285,0.000753581,0.000506979,0.000404408,0.000342758,
0.000290928,0.000232758,0.000189053,0.000161375,0.000156997,0.000177638,0.000228927,0.000338387,0.00061274,0.00128443,0.00295549,0.00253188,0.0034196,0.0337427,0.935813,0.0150535,0.00125144,0.000722982,0.00046927,0.000366768,
0.000385676,0.000287351,0.000224583,0.000185933,0.000179543,0.000190468,0.000255503,0.00034816,0.000535948,0.00090668,0.00229334,0.00137017,0.00176378,0.0025843,0.0340932,0.935525,0.0161316,0.00147159,0.000750533,0.000516365,
0.000606698,0.000427294,0.00032791,0.00028192,0.000259566,0.000302708,0.000387142,0.000471576,0.000697824,0.00110718,0.0026529,0.0012423,0.00126394,0.00163955,0.00292143,0.023606,0.938604,0.0202081,0.0020405,0.000951552,
0.000804856,0.00052266,0.000368458,0.000292883,0.000230541,0.000225451,0.000255732,0.00030866,0.000373801,0.000488563,0.0018489,0.000588565,0.000679916,0.000817834,0.00135423,0.00275758,0.0235497,0.945673,0.0172363,0.00162269,
0.00199039,0.00108952,0.000599003,0.000363175,0.000249978,0.000216962,0.000245261,0.000231111,0.000292427,0.000245261,0.00108009,0.000198095,0.000405624,0.000396191,0.000580137,0.00116027,0.00240073,0.0246393,0.943439,0.0201774,
0.0273704,0.0031204,0.00128283,0.000703329,0.00047549,0.000534926,0.000515114,0.000500255,0.000579503,0.00103023,0.00190691,0.000812295,0.000733047,0.000728094,0.000609222,0.000812295,0.00124321,0.00360085,0.0312288,0.922213,


0.930872,0.0240232,0.0030014,0.00131725,0.000805986,0.000384949,0.000354874,0.000288711,0.000222548,0.000228563,0.000739823,0.000234578,0.000210519,0.000240593,0.000240593,0.000517275,0.000625541,0.00120296,0.00268261,0.0318064,
0.0271373,0.946069,0.0149922,0.00153957,0.000920642,0.000629323,0.000524945,0.000414656,0.000412821,0.000503132,0.00163212,0.000281534,0.000246877,0.000212832,0.000218336,0.000255032,0.000355128,0.000528615,0.000888024,0.0022382,
0.00218836,0.0249901,0.945551,0.0185929,0.00241543,0.00110899,0.000533105,0.000440964,0.000319205,0.000210609,0.00100698,0.00012834,0.000154666,0.000115177,0.000207319,0.00017112,0.000200737,0.000289588,0.00055285,0.000822693,
0.00105025,0.00218589,0.0287111,0.935098,0.0247663,0.00313794,0.00118687,0.000670281,0.000392776,0.000320198,0.000734321,0.00018358,0.000115271,0.000106733,0.000119541,0.000102463,0.000162234,0.000200657,0.000264697,0.00049097,
0.00024329,0.000365457,0.000757019,0.0168998,0.963139,0.0143176,0.00116215,0.000559672,0.000320558,0.00023076,0.0012248,0.000121123,7.6224e-05,5.32524e-05,6.26498e-05,7.51798e-05,8.66656e-05,7.83123e-05,9.29306e-05,0.000133653,
0.000219326,0.000346993,0.000720173,0.00209832,0.0358254,0.930379,0.0237821,0.00309347,0.00126685,0.000618694,0.000608874,0.000199684,0.000144035,8.18379e-05,8.51114e-05,0.000108026,8.51114e-05,7.85644e-05,0.0001113,0.000147308,
0.000134649,0.000199384,0.000300371,0.000590384,0.0017841,0.0276315,0.935798,0.027717,0.00304255,0.00110568,0.000668067,0.00030555,0.000214921,0.000103576,6.47351e-05,6.21457e-05,6.21457e-05,5.43775e-05,6.9914e-05,9.06292e-05,
5.9899e-05,6.17142e-05,0.000130689,0.000263193,0.000506419,0.00152107,0.0314924,0.928644,0.0326504,0.00286426,0.000909376,0.000341243,0.000174252,9.25712e-05,7.62351e-05,6.35293e-05,3.44873e-05,2.72268e-05,4.17478e-05,4.53781e-05,
3.11898e-05,5.08279e-05,7.39314e-05,7.50866e-05,0.000166346,0.000389295,0.00133423,0.0366284,0.929839,0.0280131,0.00228032,0.000572969,0.000205622,0.000103966,7.39314e-05,4.62071e-05,3.69657e-05,2.42588e-05,2.54139e-05,2.88795e-05,
3.66446e-05,1.38655e-05,4.25869e-05,6.83372e-05,8.71547e-05,0.000170348,0.000410023,0.00155195,0.0411796,0.921419,0.0323294,0.00181539,0.000435773,0.000166386,8.61643e-05,5.54621e-05,4.75389e-05,2.97118e-05,2.97118e-05,2.47599e-05,
5.54392e-05,5.73732e-05,6.76874e-05,7.67124e-05,8.70267e-05,0.00011668,0.000167607,0.000350041,0.00133248,0.0367743,0.947583,0.0117518,0.000818051,0.000250766,0.000141177,0.000101853,8.12249e-05,6.83321e-05,5.02821e-05,6.76874e-05,
0.000206385,0.000165887,0.000133417,0.0001264,0.000149206,0.000245367,0.000533045,0.00134324,0.00502915,0.0320261,0.134733,0.801571,0.01857,0.00289736,0.000862589,0.000382828,0.000257796,0.000251849,0.000265764,0.000249232,
5.26132e-05,4.7075e-05,6.64588e-05,8.03044e-05,6.64588e-05,0.000132918,0.000168916,0.000276912,0.000562131,0.00116303,0.00355001,0.0349241,0.931639,0.0239086,0.001955,0.000714432,0.000263066,0.000185531,0.000143994,9.96882e-05,
0.000138554,0.000101381,6.75872e-05,0.00010476,7.77253e-05,0.000101381,0.000114898,0.000229796,0.000300763,0.000490007,0.00157816,0.00333881,0.0396804,0.924312,0.0258251,0.00202086,0.000736701,0.000327798,0.000219658,0.000233176,
0.000146505,8.85842e-05,8.177e-05,9.53984e-05,8.51771e-05,8.177e-05,9.88055e-05,0.000153319,0.000173761,0.000330487,0.000882435,0.000984648,0.0026916,0.0336245,0.930628,0.0266264,0.0019216,0.000688231,0.000412257,0.000204425,
0.000269331,0.000192784,9.3557e-05,7.65467e-05,8.22168e-05,8.22168e-05,7.93817e-05,0.000121908,0.000138918,0.00020696,0.000754126,0.000473455,0.00090722,0.0022964,0.0339243,0.940186,0.0177673,0.00151392,0.000518816,0.000314692,
0.000379429,0.000206704,0.00018122,0.00014441,7.92837e-05,0.000101936,8.49468e-05,0.000107599,0.000172725,0.000152904,0.000917426,0.000305809,0.000447387,0.000784343,0.00228224,0.0236917,0.950057,0.0177964,0.0014894,0.00061728,
0.000722027,0.000412968,0.00030906,0.000215809,0.000186502,0.000258438,0.000250445,0.000263766,0.00038366,0.000471582,0.00144938,0.000508883,0.00053819,0.000594141,0.000940501,0.00212345,0.023342,0.946735,0.018413,0.001881,
0.00192122,0.000879748,0.000546592,0.000404302,0.000354978,0.000380985,0.000469169,0.000566919,0.000775422,0.00121335,0.00293085,0.00107435,0.000803372,0.000773031,0.000816824,0.00112786,0.00240488,0.0251422,0.937369,0.0200445,
0.0219257,0.00267913,0.00134045,0.000864824,0.000663757,0.000552053,0.000525596,0.000500316,0.000562635,0.000704911,0.00168085,0.000592619,0.000579685,0.000574393,0.000730191,0.00103356,0.00186487,0.00393492,0.0376278,0.921062,


0.930554,0.0244984,0.00311554,0.0011552,0.000723458,0.000513422,0.00030922,0.00017503,0.000250877,0.000256711,0.000676783,0.000169196,0.000169196,0.000198368,0.000274214,0.000390901,0.000635943,0.00124855,0.0028705,0.0318147,
0.0270854,0.937835,0.0213319,0.00238599,0.00103519,0.00056178,0.00045763,0.000435537,0.000492347,0.000760612,0.00170428,0.00048919,0.000356636,0.000331387,0.000325075,0.000344011,0.000378728,0.000580716,0.000921572,0.00218715,
0.00185842,0.0246211,0.947316,0.0181746,0.00234137,0.000984231,0.000589927,0.000400417,0.000250643,0.000152831,0.00119819,0.000113095,9.78118e-05,9.47552e-05,0.000113095,0.000165057,0.000192567,0.000259813,0.000363738,0.000712192,
0.000891965,0.00216988,0.0294734,0.934269,0.0249922,0.00319049,0.00131651,0.000544613,0.000441694,0.000321622,0.00075474,0.000137225,0.00015009,0.000128649,7.71893e-05,0.000120072,0.000137225,0.000167243,0.000270162,0.000445982,
0.000544084,0.00101069,0.00277453,0.0559956,0.915771,0.0168753,0.00238367,0.00119638,0.000649698,0.000448426,0.000734102,0.00022075,0.000170973,0.000118166,0.000125525,0.000136346,0.00013548,0.000152361,0.000241959,0.00031511,
0.000193598,0.000324851,0.000751423,0.00196879,0.0355663,0.931069,0.0238027,0.00305819,0.00111893,0.000607045,0.000538137,0.000183754,0.000150941,0.000114846,6.23452e-05,8.20331e-05,6.56265e-05,0.000101721,7.87518e-05,0.000160785,
0.000106941,0.00015312,0.000291658,0.000595468,0.00180828,0.0286286,0.935658,0.0271728,0.00296519,0.00104511,0.000641647,0.000235757,0.000157981,0.000116663,5.83316e-05,7.29145e-05,5.83316e-05,7.53449e-05,7.77754e-05,8.02059e-05,
6.17714e-05,7.05959e-05,0.000151781,0.000217082,0.000520645,0.00156899,0.0309793,0.927786,0.0339302,0.0027903,0.000977753,0.00034592,0.00017649,0.000107659,6.17714e-05,6.53012e-05,6.00065e-05,3.70629e-05,3.70629e-05,5.47118e-05,
3.699e-05,3.46782e-05,6.12647e-05,8.66954e-05,0.000166455,0.000401111,0.00131083,0.0358745,0.929914,0.0286626,0.00237545,0.000552539,0.000191886,0.000123685,4.97054e-05,4.27697e-05,3.8146e-05,2.08069e-05,1.8495e-05,3.699e-05,
3.17153e-05,2.8742e-05,4.06352e-05,6.7395e-05,8.7217e-05,0.000154612,0.000384548,0.00155702,0.040105,0.921966,0.032974,0.00174632,0.000439059,0.000147674,7.92882e-05,6.04573e-05,3.66708e-05,3.27064e-05,2.27954e-05,3.8653e-05,
4.58551e-05,5.61886e-05,5.74803e-05,7.1043e-05,9.30018e-05,0.000117544,0.000181483,0.000386216,0.00133432,0.0360879,0.948069,0.011943,0.000793745,0.000281589,0.00014144,9.6231e-05,6.7168e-05,6.91055e-05,5.61886e-05,5.10218e-05,
5.33198e-05,4.57027e-05,3.61813e-05,6.28412e-05,8.75969e-05,0.000125682,0.000156151,0.000335153,0.000954044,0.00373239,0.0542739,0.918305,0.0189895,0.00172147,0.000508443,0.000228514,0.000148534,9.71183e-05,8.1884e-05,5.71284e-05,
6.90655e-05,5.80151e-05,6.63029e-05,8.56413e-05,7.18282e-05,0.000143656,0.000135368,0.0002735,0.000522136,0.00116306,0.00372401,0.0341764,0.931169,0.0250376,0.00195041,0.000643691,0.000317701,0.00017957,0.000121555,9.11665e-05,
0.000124257,0.00011754,0.000114182,8.73154e-05,0.000100749,9.06737e-05,0.00013769,0.00025523,0.000382845,0.000792555,0.00167243,0.00339187,0.0381165,0.925342,0.0256707,0.00207878,0.000711957,0.00037277,0.000275379,0.000164556,
0.000109918,9.96129e-05,9.6178e-05,7.90033e-05,8.24383e-05,9.6178e-05,0.000116788,0.000133962,0.000254185,0.000329753,0.000827817,0.00110605,0.00280634,0.0338306,0.929508,0.0275309,0.00180677,0.000621722,0.000346928,0.0002164,
0.000180594,0.000146732,0.000115693,8.46532e-05,0.000121336,8.7475e-05,7.61879e-05,9.59403e-05,0.000169306,0.000237029,0.00104123,0.000541781,0.00084371,0.002359,0.0340165,0.939137,0.0182992,0.00152376,0.000626434,0.000296286,
0.00036648,0.000299583,0.000168697,0.000104709,0.0001018,0.000127977,0.0001018,9.30744e-05,0.000125069,0.000154154,0.00116925,0.000349029,0.000450829,0.00083767,0.00211163,0.0232744,0.950383,0.0176201,0.0015619,0.000599166,
0.000780657,0.000487911,0.000307027,0.000171364,0.000159463,0.000147563,0.000235625,0.000238005,0.000290366,0.000414129,0.00154703,0.000492671,0.00044507,0.000640234,0.000861579,0.00222535,0.0234149,0.946266,0.0189571,0.00191832,
0.00223591,0.00104888,0.000527,0.000358155,0.000230243,0.00022001,0.000199544,0.000179078,0.000163728,0.000143262,0.00107958,0.000286524,0.000368388,0.000373505,0.000644679,0.00116145,0.00280896,0.0251271,0.940285,0.0225587,
0.0275251,0.00342684,0.00117108,0.00067673,0.000475151,0.000403158,0.000499148,0.000465552,0.000844712,0.00107029,0.00211178,0.000796717,0.000743923,0.000695928,0.00058074,0.000839913,0.00148305,0.00357563,0.0306832,0.921931,


0.931334,0.0242435,0.0034625,0.00134285,0.000554,0.000457652,0.000283022,0.000228826,0.000204739,0.000216783,0.000722609,0.000162587,0.000156565,0.0001385,0.000216783,0.000283022,0.000638304,0.00133683,0.00275796,0.0312588,
0.0270413,0.952516,0.0133556,0.00111427,0.000644655,0.000479577,0.000317346,0.000186423,0.000136616,0.000160808,0.00126369,9.81924e-05,9.96155e-05,0.000125231,0.000136616,0.000149423,0.000214885,0.00037427,0.000481,0.00110431,
0.00181987,0.024603,0.951893,0.0140675,0.00146884,0.000840727,0.000554379,0.000399264,0.000274059,0.000248786,0.00138954,0.000167403,0.0001259,0.000131001,0.000151869,0.000153955,0.000210298,0.000292608,0.000450969,0.000756793,
0.00104766,0.00218298,0.0283876,0.935146,0.0249816,0.00315174,0.00125807,0.000644375,0.000398899,0.000328763,0.000749579,0.000153423,0.000131505,0.000100821,0.000113971,0.000170957,0.00016219,0.000170957,0.000276161,0.000442734,
0.000360971,0.000682628,0.0019907,0.0278519,0.934847,0.0273659,0.00306289,0.00115082,0.000671906,0.000332379,0.000561113,0.000153681,0.000114367,0.000117941,6.79054e-05,7.86273e-05,8.57752e-05,0.000107219,0.000203716,0.000192994,
0.00015062,0.00032416,0.00074655,0.00201045,0.0342038,0.931727,0.0244135,0.00290107,0.00130974,0.000579558,0.000546815,0.000222655,0.000140797,0.000108053,0.000114602,9.82302e-05,9.49559e-05,9.49559e-05,0.000114602,9.82302e-05,
0.000144983,0.000142394,0.000297734,0.000613591,0.00185631,0.0267106,0.935542,0.0289734,0.00303947,0.00108479,0.000626536,0.00025631,0.000132038,0.000134627,5.69578e-05,8.28477e-05,6.47248e-05,4.91908e-05,8.54367e-05,0.000106149,
6.35833e-05,6.70202e-05,0.000137477,0.000273236,0.000503511,0.0015724,0.0307795,0.927842,0.0339999,0.00279595,0.00105858,0.000312761,0.000154662,0.000118574,8.07679e-05,5.1554e-05,3.43693e-05,4.63986e-05,5.1554e-05,5.67094e-05,
4.26804e-05,4.15269e-05,4.38339e-05,8.99749e-05,0.000161493,0.000397966,0.00127234,0.0349137,0.93049,0.0291357,0.00228859,0.000568688,0.000221477,9.2282e-05,5.76762e-05,4.26804e-05,2.76846e-05,4.03734e-05,2.88381e-05,4.26804e-05,
3.7651e-05,4.65683e-05,2.97245e-05,6.53938e-05,8.91734e-05,0.000180328,0.000361648,0.00162593,0.0389608,0.922504,0.0335351,0.00174483,0.000363629,0.000168439,8.42193e-05,5.74673e-05,3.7651e-05,3.7651e-05,3.46785e-05,3.46785e-05,
7.47566e-05,5.80008e-05,7.02454e-05,7.21788e-05,7.99122e-05,0.000123735,0.000178514,0.000378939,0.00133144,0.0348875,0.948815,0.0123348,0.000812656,0.00026487,0.000131469,8.89346e-05,8.57123e-05,8.70012e-05,6.18675e-05,6.2512e-05,
5.42318e-05,4.06739e-05,5.81055e-05,5.03581e-05,6.97266e-05,0.0001104,0.000184001,0.000379623,0.00100135,0.00369357,0.0529167,0.919472,0.0190915,0.00171218,0.000505518,0.000238233,0.000182064,0.00010459,8.32846e-05,5.2295e-05,
7.18568e-05,8.56754e-05,6.08019e-05,7.18568e-05,8.84391e-05,0.000102258,0.00016306,0.0002819,0.000569327,0.00119669,0.00346018,0.0334051,0.931587,0.0254898,0.00208385,0.000627365,0.000290191,0.000179642,9.12028e-05,9.39665e-05,
0.000111533,7.7735e-05,0.000118292,0.000118292,6.08361e-05,0.000121672,0.000182508,0.000206167,0.000280522,0.000490069,0.00138233,0.00331557,0.0385329,0.924851,0.0266901,0.00203801,0.000733413,0.00031094,0.000243344,0.000135191,
0.000172381,6.55046e-05,8.27426e-05,5.17142e-05,6.89522e-05,6.55046e-05,8.27426e-05,0.000175828,0.000220647,0.000296494,0.000703312,0.000968778,0.00258916,0.0324661,0.930475,0.0284738,0.00178241,0.000658494,0.000420608,0.000179276,
0.00014241,0.00016059,8.18098e-05,7.87798e-05,7.27198e-05,0.0001212,7.27198e-05,0.00011514,0.000181799,0.000257549,0.000730228,0.000409049,0.000921117,0.00243914,0.0335511,0.938994,0.0191102,0.00163923,0.000575698,0.000345419,
0.000387487,0.000283164,0.000196724,9.24008e-05,9.83621e-05,8.34588e-05,7.45168e-05,0.000104323,0.000125188,0.000193744,0.00116246,0.000372584,0.000518637,0.000810742,0.00200599,0.0241345,0.948688,0.0186083,0.00137409,0.000685554,
0.000937223,0.000497185,0.000345744,0.000282881,0.000205732,0.000245735,0.000245735,0.000300026,0.000365746,0.000657199,0.00174872,0.000640055,0.000600051,0.000651484,0.00114581,0.00239449,0.0233877,0.94447,0.0190216,0.0018573,
0.0021733,0.00100086,0.000486133,0.000271663,0.000185874,0.000257365,0.00014298,0.000138214,0.000190641,0.000176342,0.00109618,0.000204939,0.000300259,0.000438473,0.00068154,0.00106759,0.00285484,0.0245402,0.942937,0.0208561,
0.0138021,0.000894526,0.000463987,0.000299319,0.000258152,0.000182679,0.000141512,0.000168956,0.000164668,0.000240141,0.00164926,0.000203262,0.000202405,0.000196401,0.00032076,0.000325906,0.000468275,0.000949415,0.0142995,0.964769,


0.915498,0.0194237,0.00254574,0.00127169,0.00083874,0.000647849,0.000508124,0.000488445,0.000524655,0.000624234,0.00129255,0.000401462,0.000360528,0.000350295,0.000420354,0.000567163,0.000832836,0.0013571,0.00363165,0.0484147,
0.027083,0.941866,0.0187803,0.00199622,0.000941002,0.000494088,0.000464294,0.000419603,0.000429534,0.000580988,0.00173303,0.000342634,0.000280563,0.000317806,0.000216008,0.000270631,0.00038236,0.000511468,0.000861551,0.00202849,
0.00134965,0.0246001,0.9515,0.0160887,0.00170099,0.00068768,0.000439172,0.000267788,0.000239938,0.000130681,0.00110329,0.000104973,6.64114e-05,7.28384e-05,0.000107115,0.000115684,0.000184238,0.0002785,0.000327773,0.000634122,
0.00082535,0.0021804,0.0270189,0.936555,0.0249206,0.00308377,0.00141665,0.000628252,0.000418834,0.000238161,0.000837669,0.000160143,0.000168355,0.000172461,0.000139611,0.000102655,0.000192992,0.000192992,0.000262798,0.000484534,
0.000375616,0.00085855,0.00194605,0.027352,0.935394,0.0274414,0.00294411,0.00111254,0.00060814,0.000357729,0.000522285,0.000175287,0.000121628,0.000110896,7.87004e-05,0.000110896,6.0814e-05,0.000100164,0.000146669,0.000182442,
0.00021343,0.000351339,0.000633724,0.00208505,0.0332492,0.932464,0.0243343,0.00317847,0.00122805,0.000538501,0.000653425,0.000206863,0.000167461,9.85063e-05,0.00011164,8.53721e-05,5.91038e-05,0.00011164,0.000121491,0.000108357,
9.85188e-05,0.000171112,0.000344816,0.000606669,0.00186408,0.0258145,0.9356,0.0298123,0.00300223,0.00104741,0.000666298,0.000251482,0.000152963,0.00011926,5.44446e-05,7.7778e-05,5.1852e-05,8.03706e-05,0.000101111,8.29632e-05,
8.03244e-05,8.74644e-05,0.000114239,0.000269533,0.000501582,0.00148332,0.0298022,0.927628,0.0353285,0.00283099,0.000946043,0.000346288,0.000205274,9.46043e-05,5.89046e-05,3.03448e-05,4.64097e-05,5.71196e-05,4.10547e-05,4.81947e-05,
3.69774e-05,3.46663e-05,5.43105e-05,9.70656e-05,0.00017102,0.000367463,0.00130807,0.0340354,0.930434,0.0299586,0.00236077,0.000566216,0.000197598,0.00011671,6.12438e-05,5.08439e-05,5.19994e-05,2.19553e-05,3.81329e-05,3.69774e-05,
2.18052e-05,3.56813e-05,4.55928e-05,6.83891e-05,8.32564e-05,0.000180389,0.000400423,0.00155214,0.0379827,0.922426,0.0345048,0.00185543,0.000374654,0.000188318,8.22652e-05,5.74865e-05,3.96459e-05,3.56813e-05,2.47787e-05,4.0637e-05,
5.3565e-05,5.55011e-05,5.93733e-05,6.90537e-05,8.32516e-05,0.000127782,0.000181347,0.00034785,0.00134106,0.0339015,0.949825,0.0124103,0.00076669,0.00028525,0.000123264,0.00010713,7.61527e-05,7.6798e-05,5.29196e-05,5.61465e-05,
3.50908e-05,3.70403e-05,6.43331e-05,7.60301e-05,6.04342e-05,0.000111121,0.000171555,0.000384049,0.000970845,0.0036046,0.0525407,0.919742,0.0194033,0.00171555,0.000504918,0.000194949,0.000150111,9.55249e-05,8.18785e-05,5.65352e-05,
7.72152e-05,7.44575e-05,8.27305e-05,5.79114e-05,7.99729e-05,0.000104792,0.000170976,0.000256465,0.00048811,0.00124647,0.00369254,0.033208,0.931383,0.0257981,0.00184765,0.000697694,0.000364014,0.000165461,0.000115823,8.82459e-05,
0.000128366,9.45853e-05,9.79634e-05,7.4317e-05,8.44512e-05,0.000128366,0.000135122,0.000189171,0.000327671,0.000584402,0.00143567,0.0031855,0.0368173,0.925497,0.0277135,0.00210452,0.000689122,0.000374963,0.000199305,0.0001385,
0.000151691,6.55028e-05,6.20553e-05,6.20553e-05,7.23978e-05,8.27404e-05,0.00011032,0.000175823,0.000234431,0.000262011,0.000817061,0.00105149,0.00266148,0.0326928,0.929216,0.0289902,0.00198232,0.000706741,0.000337856,0.000265459,
0.000225901,0.000123781,7.73632e-05,8.35523e-05,9.90249e-05,8.66468e-05,9.28359e-05,0.000108309,0.00016401,0.00025994,0.000612717,0.000504408,0.000993344,0.00246943,0.0339686,0.937853,0.0195265,0.0016989,0.000643662,0.000408478,
0.000339786,0.000264641,0.000176427,9.80152e-05,0.000120885,0.00012742,9.80152e-05,9.80152e-05,0.000147023,0.000137221,0.00101936,0.000385526,0.000477007,0.00101609,0.00227722,0.0234387,0.947578,0.019737,0.00171527,0.000748183,
0.000911758,0.000486475,0.000281482,0.000293721,0.000208052,0.000220291,0.000211112,0.000247827,0.000431402,0.00067617,0.00172561,0.000544607,0.000566024,0.000694527,0.000951533,0.00247827,0.0234824,0.941192,0.022283,0.00211418,
0.00237156,0.00107382,0.000549632,0.000417313,0.000229013,0.0001883,0.000137408,0.000111962,0.000183211,0.000162854,0.00100766,0.000290084,0.000371511,0.000463116,0.000641238,0.0011756,0.00271763,0.0249421,0.941495,0.0214713,
0.0265971,0.00324406,0.00132693,0.000740902,0.000510678,0.000468819,0.000552537,0.000560909,0.000573466,0.000899966,0.00205527,0.000870664,0.000657184,0.000556723,0.000644627,0.000774389,0.00132693,0.00341568,0.0370158,0.917207,


0.931865,0.0252819,0.00289143,0.00138548,0.000740928,0.000475881,0.000265047,0.000210833,0.000210833,0.000192762,0.000746952,0.000180714,0.000192762,0.000186738,0.000277095,0.000403595,0.000572262,0.00119874,0.00266855,0.0300528,
0.0271159,0.943336,0.0181482,0.00179627,0.000889084,0.000572362,0.000411739,0.000414001,0.000429837,0.000597247,0.0016922,0.000368755,0.000237542,0.000239804,0.000257902,0.000208132,0.000300886,0.000486395,0.000665116,0.00183246,
0.00216376,0.0246266,0.942893,0.021531,0.00267311,0.00121218,0.000635703,0.000367207,0.000304032,0.000240856,0.000864714,0.000193475,0.000138196,0.000126351,0.000122402,0.000197423,0.000197423,0.000260599,0.000406692,0.000844971,
0.00105221,0.00255001,0.0373964,0.925705,0.0253241,0.00293569,0.00113459,0.000722689,0.000449341,0.000262115,0.000542953,0.000153525,0.000131058,0.000134802,0.000127313,0.000153525,0.00014978,0.000239648,0.000337005,0.000498019,
0.000375192,0.000703931,0.00204747,0.0271567,0.934659,0.0282787,0.003073,0.00123992,0.000568147,0.00029658,0.000575294,0.000139357,0.000114344,9.29046e-05,6.78918e-05,8.57581e-05,7.14651e-05,0.000139357,0.000103624,0.000210822,
0.000215351,0.000401336,0.000691734,0.00201647,0.0326225,0.932517,0.0250852,0.00302471,0.0012138,0.000613425,0.000590585,0.000192511,0.000143568,0.000153356,9.4624e-05,8.48354e-05,8.15725e-05,6.19951e-05,8.80983e-05,0.000107676,
9.59636e-05,0.000184146,0.00028011,0.000606905,0.00164175,0.0260321,0.934976,0.0305009,0.00298265,0.0010945,0.000705462,0.000233425,0.000173772,9.07763e-05,7.00275e-05,5.44658e-05,3.89041e-05,7.26211e-05,8.04019e-05,8.55891e-05,
3.98893e-05,7.79654e-05,0.000146865,0.000253841,0.000567515,0.00153574,0.0285099,0.927701,0.0362412,0.00293549,0.00105707,0.000326367,0.000181315,0.000125107,6.52733e-05,5.98339e-05,2.35709e-05,3.26367e-05,5.80207e-05,6.1647e-05,
3.00686e-05,3.70075e-05,4.51029e-05,0.000107553,0.000205854,0.000409395,0.00135771,0.0333044,0.930213,0.0307937,0.00237542,0.000582868,0.000219732,0.000106397,6.59196e-05,4.16334e-05,3.93205e-05,2.89121e-05,1.85037e-05,1.73473e-05,
3.56367e-05,3.06871e-05,4.35559e-05,6.33541e-05,9.30513e-05,0.000156405,0.000402893,0.00157098,0.036783,0.92286,0.0352744,0.00184519,0.000395963,0.000179173,8.21624e-05,5.14752e-05,4.75156e-05,3.16771e-05,3.16771e-05,2.07881e-05,
5.80852e-05,5.29221e-05,6.71207e-05,7.09931e-05,7.68016e-05,0.000114234,0.000187164,0.000336249,0.00132822,0.0327865,0.950622,0.0126568,0.000868697,0.000272355,0.000138759,8.84186e-05,8.32555e-05,7.35746e-05,5.9376e-05,5.87306e-05,
5.27062e-05,6.44187e-05,5.46582e-05,5.66103e-05,7.61311e-05,0.000111269,0.000199112,0.000429458,0.000956519,0.00367967,0.0507951,0.920849,0.0198858,0.00161827,0.000542678,0.000228393,0.000158119,0.000107364,6.63707e-05,6.83228e-05,
7.18792e-05,6.91146e-05,6.91146e-05,8.0173e-05,7.74084e-05,0.000127171,0.000171404,0.000287517,0.000503154,0.00123577,0.00365202,0.0320305,0.931585,0.0267833,0.00189374,0.000641384,0.000312398,0.000165875,0.000124406,0.000118877,
0.00013107,7.39372e-05,0.00012771,8.40195e-05,6.0494e-05,0.000120988,0.00013107,0.000191564,0.000373047,0.000641909,0.00167031,0.00368678,0.0367703,0.924335,0.0280087,0.00212737,0.000742732,0.000369686,0.000228533,0.000124349,
0.000102826,7.2945e-05,5.44891e-05,2.90022e-05,5.88833e-05,7.20662e-05,7.64605e-05,7.11873e-05,0.000128313,0.000212683,0.00122425,0.00049128,0.0010142,0.0156058,0.963143,0.016301,0.000640686,0.000333965,0.000228503,0.000138859,
0.000197795,0.000116166,0.000119305,7.2211e-05,8.16298e-05,8.79091e-05,0.000103607,0.000125584,0.000153841,0.000185237,0.00088223,0.000436406,0.000863392,0.00248971,0.0335718,0.938103,0.0198517,0.00165457,0.000612224,0.000291984,
0.000392395,0.000276985,0.000197846,0.000145087,0.00011541,9.23282e-05,7.91384e-05,9.23282e-05,0.000112113,0.000158277,0.00113762,0.000323149,0.000418774,0.000952959,0.00241702,0.0235932,0.947307,0.0198736,0.00157947,0.000735328,
0.000896124,0.000406829,0.00031062,0.000252894,0.000195168,0.00018967,0.000244647,0.000390336,0.000423322,0.00054702,0.00174552,0.000604746,0.000497541,0.000736691,0.00111328,0.00255093,0.0233405,0.943574,0.0200473,0.00193244,
0.00230497,0.000998822,0.000573682,0.000343185,0.000220253,0.00018952,0.000199764,0.000163909,0.000102443,0.000256108,0.0009476,0.000215131,0.000317574,0.000481483,0.000732469,0.00112688,0.00280695,0.0247862,0.940911,0.0223224,
0.02729,0.00285817,0.00137759,0.000557902,0.000459196,0.000420572,0.000429155,0.000420572,0.000587942,0.000785354,0.00181533,0.00055361,0.000459196,0.000562193,0.000506403,0.000751021,0.00121022,0.00287105,0.0279423,0.928142,


0.930935,0.0259317,0.00311661,0.00143196,0.000758095,0.000445231,0.000306848,0.000264732,0.000240665,0.000228632,0.000601663,0.000240665,0.000192532,0.000192532,0.000282782,0.000348965,0.000601663,0.00120333,0.00279773,0.0298786,
0.0268697,0.940926,0.0193313,0.00214937,0.000975564,0.000704284,0.000435613,0.000357359,0.000479957,0.000605163,0.00170072,0.000485174,0.00030519,0.000299973,0.000255629,0.000263454,0.000354751,0.000547777,0.000816448,0.00213633,
0.00146935,0.0245337,0.950257,0.0165475,0.00183842,0.000930474,0.000499025,0.000298029,0.000213125,0.000169807,0.00110721,0.000129955,0.000121291,0.000124756,0.000126489,0.000155945,0.000185402,0.000289365,0.000393329,0.00060992,
0.000801588,0.00218581,0.0278032,0.935981,0.0253131,0.00281298,0.00123207,0.000671701,0.00045646,0.000296885,0.000838699,0.000115043,0.000126176,0.000100199,0.000100199,0.000129887,0.000126176,0.000178131,0.000319151,0.000411927,
0.00034291,0.000785835,0.00207889,0.0260933,0.935397,0.0287544,0.00283972,0.0010966,0.000692964,0.000314334,0.000485789,0.000192887,8.92994e-05,6.78676e-05,7.50115e-05,0.000103587,0.000110731,9.28714e-05,0.000125019,0.000260754,
0.000184956,0.000293379,0.000733446,0.00198031,0.0316658,0.933604,0.0251221,0.00306453,0.00122773,0.000535735,0.000628213,0.000213656,0.000117989,9.88558e-05,8.61002e-05,5.10224e-05,7.97224e-05,8.61002e-05,8.61002e-05,0.000140311,
0.000107839,0.000174938,0.000306741,0.000625464,0.00173261,0.0261665,0.934815,0.0302931,0.00305303,0.00106401,0.000656618,0.000289966,0.000153371,0.000100649,7.66853e-05,8.14781e-05,5.03247e-05,7.18924e-05,7.42889e-05,0.000105442,
8.92582e-05,0.000120464,0.000182417,0.000326056,0.000792998,0.00262795,0.0700996,0.901897,0.0179565,0.00324725,0.00136503,0.000459599,0.000238863,0.000146852,8.83404e-05,7.54909e-05,6.53948e-05,6.63126e-05,7.41141e-05,8.05389e-05,
3.85487e-05,4.86448e-05,4.68092e-05,0.000100043,0.00016888,0.000414858,0.00146026,0.0344828,0.93115,0.0286867,0.00223124,0.000566299,0.000237717,0.000124824,6.51657e-05,4.13022e-05,4.58913e-05,2.93705e-05,2.84526e-05,3.21239e-05,
3.26922e-05,2.77388e-05,4.06176e-05,5.34963e-05,0.000105011,0.000168414,0.000371502,0.00152465,0.0357623,0.922599,0.0366073,0.00182878,0.000465616,0.000149592,8.32165e-05,5.05243e-05,3.46735e-05,3.36829e-05,2.37761e-05,3.76456e-05,
5.21938e-05,5.02607e-05,5.34826e-05,7.28136e-05,9.47221e-05,0.000112764,0.000163025,0.000354402,0.00131838,0.0318982,0.951207,0.0130207,0.000839612,0.000259036,0.000136606,0.000103099,7.92573e-05,7.28136e-05,6.1215e-05,5.02607e-05,
4.88428e-05,4.68891e-05,7.22874e-05,6.25188e-05,5.27502e-05,0.000130899,0.000166066,0.000349715,0.000924106,0.00378825,0.0493527,0.922088,0.0201291,0.00164307,0.000548993,0.000232492,0.00013676,9.37782e-05,6.25188e-05,7.03337e-05,
9.976e-05,8.31334e-05,4.988e-05,6.09645e-05,5.81933e-05,0.000105302,0.000141327,0.000271569,0.000529282,0.00121652,0.00366064,0.0314577,0.931933,0.0270516,0.00192592,0.000590247,0.000360245,0.000193978,0.0001247,8.59045e-05,
0.000122091,9.15686e-05,8.13943e-05,6.10457e-05,8.13943e-05,9.15686e-05,9.496e-05,0.000223834,0.000342534,0.000620631,0.00154649,0.00322864,0.0358508,0.92525,0.0287254,0.00217391,0.000732549,0.000362883,0.000172963,0.000145831,
0.000110224,7.23347e-05,9.64463e-05,8.95573e-05,6.88902e-05,7.23347e-05,8.61128e-05,0.000110224,0.000230782,0.000330673,0.000757792,0.00105058,0.0027315,0.030756,0.929463,0.0307491,0.00203915,0.000678569,0.00031345,0.000192893,
0.000230187,0.000111805,0.00012167,0.000105228,9.86514e-05,8.87863e-05,8.22095e-05,0.000131535,0.000161131,0.000240052,0.000707002,0.000539295,0.000917458,0.00273593,0.0341466,0.936038,0.0207267,0.00182834,0.000644523,0.00034528,
0.00047843,0.000255599,0.000144184,0.000111415,0.0001278,0.000131077,0.000124523,0.000140907,0.000124523,0.000154015,0.000930644,0.000412891,0.000534137,0.000969967,0.00231678,0.0235938,0.947101,0.0200547,0.00160897,0.000684875,
0.00100125,0.000593097,0.000382643,0.000229586,0.000169001,0.000172189,0.000245529,0.000357134,0.000395398,0.000666437,0.0017474,0.000599475,0.000605852,0.000723834,0.00102995,0.00255414,0.0236601,0.940907,0.0219063,0.00205352,
0.00221167,0.00114899,0.000647319,0.000442335,0.000269716,0.000188801,0.000248139,0.000134858,0.000178013,0.000221167,0.000949401,0.000280505,0.000420757,0.000415363,0.000609559,0.00121372,0.00279965,0.0248517,0.939125,0.0236433,
0.0274197,0.00278544,0.00118426,0.000820552,0.000399187,0.000403623,0.000452412,0.00048346,0.000607652,0.00103789,0.00208021,0.00069636,0.000572169,0.000527814,0.000576604,0.000758456,0.00126409,0.00313584,0.0277568,0.927037,


0.931932,0.0257574,0.0032602,0.00119481,0.000738499,0.000438296,0.00025217,0.00022215,0.000186126,0.000240162,0.000642434,0.000168114,0.00019213,0.00022215,0.000282191,0.000372252,0.000720487,0.00113477,0.0028159,0.0292278,
0.0268431,0.935812,0.0220661,0.00239497,0.00118454,0.000731437,0.000553432,0.000556669,0.000585797,0.000935333,0.00208751,0.000498413,0.000401319,0.000297753,0.000275098,0.000297753,0.000430447,0.000647289,0.000980643,0.00242086,
0.00187205,0.0246487,0.942536,0.0220122,0.00267938,0.00107253,0.000612317,0.000397811,0.000280808,0.000261307,0.00101013,0.000148204,9.75028e-05,0.000148204,0.000163805,0.000148204,0.000183305,0.00035101,0.000483614,0.000893125,
0.000849469,0.00205967,0.0251233,0.93873,0.0254608,0.00291302,0.00103953,0.000690436,0.00030643,0.000321945,0.000802923,0.000151275,9.69714e-05,0.000131881,0.000124123,0.000128002,0.000124123,0.000213337,0.000325824,0.00040728,
0.000364177,0.000735098,0.00180065,0.0254182,0.937105,0.0282136,0.00263017,0.00111276,0.00058673,0.000337201,0.000573242,0.00015174,9.44163e-05,9.10443e-05,7.41842e-05,8.76723e-05,0.000111276,0.000114648,0.000121392,0.000276505,
0.000204237,0.000362748,0.000646241,0.00205151,0.029974,0.935428,0.0249138,0.00298429,0.00113702,0.000570033,0.0007194,0.000265203,0.000128029,0.000115836,7.31594e-05,7.0111e-05,8.53526e-05,7.62077e-05,9.14492e-05,0.000103642,
0.000116545,0.000173522,0.000331505,0.000621572,0.00173004,0.024938,0.93523,0.0314386,0.00281779,0.000989335,0.000644881,0.000238269,0.000194241,0.000137264,7.51066e-05,6.99268e-05,5.69774e-05,6.21572e-05,6.73369e-05,6.73369e-05,
6.97212e-05,8.22352e-05,0.000139442,0.000252069,0.000505925,0.00148738,0.0272485,0.927064,0.0383288,0.00294974,0.000917102,0.000339667,0.000194862,0.000109051,7.32966e-05,5.18439e-05,4.46931e-05,4.82685e-05,5.00562e-05,4.29053e-05,
3.79361e-05,5.31106e-05,4.98589e-05,9.97179e-05,0.000158248,0.00037069,0.00125406,0.0322988,0.931574,0.0307207,0.00227292,0.000566874,0.000204855,0.000104053,6.50334e-05,4.22717e-05,4.01039e-05,1.951e-05,3.46845e-05,3.25167e-05,
2.07406e-05,1.61316e-05,2.56789e-05,3.22632e-05,5.93687e-05,0.000114896,0.000301233,0.00130765,0.0706147,0.916183,0.0100779,0.000816676,0.000199944,8.74618e-05,4.31273e-05,2.79834e-05,2.20575e-05,1.7229e-05,1.45953e-05,1.70095e-05,
5.2934e-05,5.93894e-05,6.06805e-05,6.9718e-05,8.71475e-05,0.00012007,0.000163966,0.00037312,0.00130979,0.0310419,0.951654,0.013413,0.000821769,0.000279517,0.0001446,9.6185e-05,6.9718e-05,6.06805e-05,6.64903e-05,5.48706e-05,
1.2839e-05,1.3481e-05,1.25181e-05,1.52785e-05,1.81672e-05,2.86311e-05,4.61563e-05,9.37892e-05,0.000299085,0.00128268,0.0712531,0.919361,0.00653571,0.000683743,0.000177564,7.51726e-05,3.55641e-05,2.29177e-05,1.91944e-05,1.34168e-05,
7.18014e-05,8.00862e-05,6.0755e-05,6.90398e-05,8.83709e-05,0.000135318,0.000168457,0.000234735,0.000541272,0.00116815,0.00359007,0.031391,0.931714,0.027337,0.00195797,0.000657259,0.000298252,0.00017398,0.000160172,0.000102179,
0.000127194,0.000103764,0.000127194,9.70692e-05,0.000100416,0.000157319,0.00018075,0.00020418,0.000361499,0.000789942,0.0015598,0.00366185,0.0344629,0.925595,0.0291208,0.0019213,0.000692873,0.000341416,0.000234305,0.000160666,
0.000147819,0.000113443,0.00011688,8.9379e-05,6.87531e-05,0.000106567,8.9379e-05,0.00011688,0.000216572,0.000333453,0.000859414,0.00111036,0.0027295,0.0306261,0.928913,0.0312277,0.00193196,0.000646279,0.000343765,0.000213135,
0.000136287,7.95321e-05,7.01974e-05,6.75836e-05,6.7957e-05,6.44098e-05,6.68368e-05,8.86802e-05,0.000109403,0.00017232,0.000709068,0.000343706,0.000589023,0.0016993,0.0340823,0.946736,0.013387,0.000917046,0.000375817,0.000237289,
0.000375241,0.000192691,0.0001217,0.00012508,0.000138602,0.000148744,0.000118319,0.000108178,0.000145364,0.000240019,0.00098374,0.000385383,0.000473277,0.000868801,0.00259626,0.0235219,0.945762,0.0212434,0.00172408,0.000726818,
0.000600489,0.000356726,0.000309163,0.000212054,0.000202145,0.000195208,0.000223945,0.000329972,0.000376544,0.000489507,0.00172318,0.000603461,0.000565807,0.000677779,0.000828397,0.00197785,0.0234716,0.947091,0.0182148,0.00155077,
0.0021474,0.00113379,0.000621754,0.000412761,0.000261241,0.000198543,0.000177644,0.000182869,0.000104496,0.000208993,0.000940468,0.000188094,0.000318714,0.000386637,0.000674002,0.00117036,0.00274303,0.0250112,0.940113,0.0230049,
0.0275929,0.00311602,0.00123106,0.000749073,0.000488125,0.000417516,0.000491195,0.000552595,0.000675394,0.000988531,0.00202618,0.000887222,0.000675394,0.000641624,0.000607854,0.000755213,0.00115431,0.00333092,0.0353998,0.918219,


0.932091,0.0267516,0.0032375,0.00139526,0.000688572,0.000507369,0.000320126,0.000253684,0.000199324,0.000229524,0.000700652,0.000157043,0.000259725,0.000211404,0.000332206,0.000374487,0.000622131,0.00108118,0.00277241,0.0278147,
0.0270857,0.935258,0.0231112,0.00244711,0.00117921,0.000834316,0.000604386,0.000525553,0.000505845,0.000857309,0.001396,0.000466429,0.000387596,0.000312047,0.000302193,0.000312047,0.000436866,0.000423727,0.000883587,0.00267047,
0.00195017,0.0240126,0.944125,0.0213602,0.00256842,0.0011411,0.000583905,0.000404535,0.000244248,0.000225166,0.000809071,0.000179369,0.00012594,6.48783e-05,9.54093e-05,0.000145022,0.000206084,0.000339657,0.000530476,0.000889215,
0.000869513,0.00211707,0.0250268,0.938892,0.0251781,0.00288073,0.00120598,0.000623781,0.00038561,0.000291098,0.000756098,0.00023061,0.000120976,9.07318e-05,0.000132317,0.000139878,0.000177683,0.00023061,0.000257073,0.000393171,
0.000363941,0.000727881,0.00202378,0.0248398,0.937423,0.0283125,0.00262241,0.00114624,0.000517,0.000312921,0.000571421,9.18355e-05,0.000139454,8.16315e-05,9.86381e-05,8.16315e-05,8.16315e-05,0.000132651,0.000187072,0.000244895,
0.000208226,0.000300091,0.000692046,0.00200265,0.0297151,0.935921,0.0250698,0.00279574,0.00106563,0.000578746,0.000649176,0.000183729,0.000125548,0.0001133,6.73673e-05,0.00012861,7.65537e-05,9.18645e-05,8.88023e-05,0.000125548,
0.000114135,0.000160826,0.0003009,0.000562891,0.00196104,0.0237504,0.935402,0.031815,0.00308682,0.00105056,0.000721123,0.000321652,0.000168608,0.000121916,8.81949e-05,6.48492e-05,8.30069e-05,5.18793e-05,6.74431e-05,0.000106353,
4.5427e-05,0.000103573,0.000127195,0.000210781,0.000506965,0.00154088,0.0267165,0.92683,0.0391435,0.0027983,0.00107208,0.000314355,0.000168988,0.000114476,6.72319e-05,6.17807e-05,4.17928e-05,4.36099e-05,4.90611e-05,4.36099e-05,
3.23423e-05,4.27381e-05,5.6599e-05,7.85456e-05,0.000155936,0.000378867,0.00128561,0.0304688,0.930931,0.0330804,0.0023298,0.000597178,0.000247188,9.93371e-05,5.5444e-05,3.58076e-05,3.81177e-05,2.7722e-05,2.19466e-05,3.69626e-05,
3.5693e-05,2.67698e-05,3.86675e-05,5.84969e-05,7.23776e-05,0.000157644,0.000386675,0.00156454,0.0340591,0.922761,0.0381271,0.00186992,0.000412453,0.000177474,7.13861e-05,5.75055e-05,4.26334e-05,3.66845e-05,1.6855e-05,2.67698e-05,
2.49275e-05,2.11049e-05,1.8483e-05,1.85234e-05,2.09062e-05,3.18351e-05,5.94704e-05,0.000171049,0.000960941,0.0594724,0.932081,0.00621793,0.00059305,0.000118542,4.89086e-05,2.93849e-05,2.66923e-05,2.82213e-05,2.88898e-05,2.76201e-05,
4.68294e-05,6.24391e-05,7.60977e-05,3.90245e-05,9.36587e-05,0.000109269,0.000200976,0.000357074,0.000958051,0.00373659,0.0464879,0.923582,0.0215044,0.00158244,0.000536586,0.000273171,0.00011122,9.17075e-05,7.80489e-05,7.21953e-05,
8.58193e-05,4.15255e-05,8.02826e-05,6.92091e-05,8.3051e-05,9.41244e-05,0.000163334,0.000227006,0.000514916,0.00111565,0.00354904,0.0305268,0.932308,0.0278747,0.00197938,0.000631187,0.000290678,0.000149492,0.000116271,9.96611e-05,
7.20246e-05,5.98358e-05,5.42954e-05,5.65116e-05,7.42407e-05,7.75649e-05,7.9781e-05,0.000147373,0.000229371,0.000391149,0.00140503,0.00141279,0.0179807,0.958466,0.0176693,0.000911942,0.000401121,0.000204993,0.000187264,0.000118563,
0.000127091,0.000113351,6.86978e-05,7.55676e-05,0.000106482,7.21327e-05,0.000120221,0.000137396,0.000195789,0.000285096,0.000752241,0.000989249,0.00283379,0.0296912,0.929574,0.0316422,0.00196819,0.000656064,0.000326315,0.000264487,
0.000186705,0.00017979,0.000103725,8.64373e-05,0.000114097,7.60648e-05,0.000117555,8.98948e-05,0.000145215,0.00020745,0.000732988,0.000522081,0.00097847,0.00268993,0.0335584,0.934764,0.0222766,0.00197077,0.000784851,0.000414899,
0.000298678,0.000174038,0.000120066,0.000105658,8.53039e-05,8.599e-05,7.50125e-05,8.599e-05,0.000105887,0.000132187,0.000984082,0.000308741,0.000407538,0.000746695,0.00164044,0.0235969,0.954265,0.0152589,0.00103302,0.000490326,
0.000953295,0.000535818,0.000387893,0.00027284,0.000200521,0.000249829,0.000292563,0.000262978,0.000351733,0.000542392,0.00161074,0.00065087,0.000647583,0.000818519,0.00135434,0.00255746,0.0234116,0.940708,0.0219685,0.00222216,
0.00252065,0.00112781,0.00047368,0.000417289,0.000186088,0.000186088,0.00017481,0.000186088,0.000180449,0.000191728,0.000936081,0.000242479,0.000298869,0.000558265,0.000654129,0.00113345,0.00285336,0.0250374,0.937209,0.0254321,
0.0273379,0.00288078,0.00121332,0.000648261,0.000499196,0.000436796,0.000610128,0.000748794,0.000915192,0.00133466,0.00226371,0.00101919,0.00083546,0.000679461,0.000627461,0.000745327,0.00117519,0.00311304,0.0305133,0.922403,


0.931322,0.0268328,0.00324114,0.00136754,0.000771126,0.000397612,0.00031327,0.000234953,0.000186757,0.000247001,0.000741004,0.000247001,0.000210855,0.000234953,0.000295197,0.000415685,0.000747028,0.00107235,0.00287967,0.0282425,
0.026782,0.936985,0.0210032,0.0023789,0.00115326,0.000728898,0.000524207,0.000486764,0.0006615,0.000868686,0.00198699,0.000619064,0.000429351,0.000381922,0.000302043,0.000349471,0.000381922,0.000614071,0.00102345,0.00233896,
0.000848159,0.0172386,0.962829,0.0139338,0.00106134,0.000578248,0.000330297,0.000240632,0.000170181,0.000125348,0.00120499,0.000110709,6.77063e-05,5.4897e-05,6.77063e-05,8.32604e-05,0.000115284,0.000183905,0.000293699,0.00046205,
0.000998955,0.00190534,0.0246846,0.938666,0.0253827,0.00293901,0.00126894,0.00072511,0.000458979,0.000296987,0.000782965,0.000158136,0.000173564,8.48533e-05,0.000173564,0.00012728,0.000246846,0.000250703,0.000269988,0.000404982,
0.000353008,0.000618604,0.00191297,0.0246332,0.937192,0.028839,0.00288794,0.00103213,0.000548002,0.000309302,0.000658948,0.000147927,9.74973e-05,7.39635e-05,9.41354e-05,8.74114e-05,6.72395e-05,9.41354e-05,0.000141203,0.000211805,
0.000212448,0.000307188,0.000582796,0.00185174,0.0279857,0.938123,0.0252325,0.00261253,0.000984724,0.000562699,0.000686149,0.000163642,0.000129191,0.000103353,4.88056e-05,7.75147e-05,5.74183e-05,7.46438e-05,8.61275e-05,0.000117708,
0.000145286,0.00019458,0.000311328,0.000607089,0.00191467,0.0239541,0.934587,0.0324844,0.00300431,0.00114413,0.000661571,0.000264628,0.000181608,0.000111559,7.78319e-05,5.70767e-05,7.00487e-05,5.18879e-05,6.74543e-05,0.000108965,
3.74261e-05,4.95866e-05,6.32819e-05,0.000121841,0.00025785,0.000735298,0.037599,0.944487,0.0141879,0.00145123,0.000526444,0.000181699,9.37423e-05,5.47814e-05,3.50648e-05,2.14875e-05,2.25501e-05,2.20778e-05,2.49114e-05,2.66823e-05,
2.49413e-05,2.86488e-05,3.99679e-05,6.21847e-05,0.000114033,0.000291291,0.00112531,0.0426528,0.943378,0.0105044,0.00117056,0.000298818,0.000111281,5.74661e-05,3.52212e-05,2.39302e-05,2.17675e-05,1.88183e-05,1.97733e-05,2.0335e-05,
2.87903e-05,3.17686e-05,4.26891e-05,5.36095e-05,7.34649e-05,0.000171749,0.000432847,0.00145441,0.0329798,0.92304,0.0390486,0.00182769,0.00040505,0.000143951,7.44577e-05,5.65878e-05,4.16963e-05,2.77975e-05,2.87903e-05,3.67324e-05,
4.90907e-05,5.555e-05,7.42819e-05,6.91145e-05,8.00953e-05,0.000114975,0.000161482,0.000379807,0.00135774,0.0293898,0.95274,0.0139114,0.000820331,0.00027775,0.000144042,9.55976e-05,8.07412e-05,7.94494e-05,5.81337e-05,6.07174e-05,
5.46968e-05,5.66502e-05,5.07899e-05,7.22779e-05,7.03245e-05,0.000128928,0.000173858,0.000402412,0.000859521,0.00369985,0.0454706,0.924509,0.0215877,0.00162528,0.000550875,0.000277391,0.000154323,9.37659e-05,7.61848e-05,8.59521e-05,
7.17125e-05,3.86144e-05,8.27452e-05,7.17125e-05,0.000107569,0.000143425,0.000187556,0.000322706,0.000485438,0.00113085,0.00365182,0.0297469,0.931846,0.0288312,0.00191969,0.000626105,0.000273059,0.000228928,0.000126876,0.000107569,
0.000111573,0.000121716,0.000125097,0.000108192,0.000111573,0.000111573,0.000162288,0.000155526,0.000361766,0.000618722,0.0014234,0.00310375,0.0334042,0.925632,0.0308448,0.00210974,0.0007472,0.000348242,0.000263718,0.00013524,
0.0001313,8.63817e-05,7.60159e-05,0.000100203,9.67476e-05,0.000117479,9.67476e-05,0.000179674,0.000200406,0.000355893,0.000770525,0.000970931,0.00262255,0.0293318,0.929343,0.0324346,0.00169999,0.000794712,0.000338616,0.000252235,
0.000195959,0.000125974,0.000171464,9.44803e-05,0.000118975,0.000129473,9.0981e-05,0.000118975,0.000125974,0.000199458,0.000629868,0.000489898,0.00107777,0.00279942,0.0337574,0.934291,0.0226123,0.00185461,0.00071735,0.000398917,
0.000425281,0.000271608,0.000185837,0.000160821,0.000125083,0.000128656,0.000107214,0.000139378,0.000117935,0.000200132,0.00102925,0.000293051,0.000600397,0.00105784,0.00245877,0.023101,0.945471,0.0215142,0.00180119,0.00081125,
0.000830356,0.000506919,0.000359028,0.000292657,0.000285683,0.000270293,0.000314059,0.000422272,0.000590123,0.000907308,0.00229917,0.000916927,0.000765909,0.000823142,0.00112614,0.00206784,0.0235482,0.941005,0.0207991,0.00186968,
0.00284948,0.00112235,0.000761801,0.000482668,0.000267503,0.000145382,0.000226796,0.000191904,0.000197719,0.000168643,0.00104093,0.000267503,0.000412884,0.000482668,0.000657126,0.00123284,0.00286111,0.024901,0.936579,0.0251511,
0.0277643,0.00281507,0.00118038,0.000551975,0.000424596,0.000373644,0.000326939,0.000373644,0.000666616,0.000874668,0.00223337,0.000649632,0.000505269,0.000496777,0.000577451,0.000675108,0.00118462,0.00292971,0.028138,0.927258,


0.932126,0.0276152,0.00300754,0.00126317,0.000727824,0.000463161,0.000300754,0.000216543,0.000246618,0.000198497,0.000757899,0.000246618,0.000216543,0.000264663,0.000330829,0.000463161,0.000679703,0.00112482,0.00268874,0.0270618,
0.0270283,0.933918,0.0238345,0.0026717,0.00107646,0.000687379,0.000541473,0.000616047,0.000534988,0.000719802,0.00180923,0.000677652,0.000418264,0.000285327,0.000252904,0.000311266,0.000398809,0.000625774,0.00102458,0.00256794,
0.00185393,0.0245919,0.943106,0.0207967,0.00242799,0.00121192,0.000722435,0.000457588,0.000436789,0.00039519,0.00108712,0.000223248,0.000165009,0.000224634,0.000188582,0.000202448,0.000173329,0.000311992,0.000500574,0.00092211,
0.000750894,0.00198398,0.0234066,0.940701,0.025501,0.00266862,0.00126253,0.00068832,0.000357043,0.000231894,0.000857639,0.000136192,0.000147234,9.57022e-05,9.93831e-05,9.20214e-05,0.000173,0.000202447,0.000316554,0.000327596,
0.000361052,0.000725447,0.00186209,0.0242038,0.937438,0.0288507,0.00271123,0.0011333,0.000605096,0.000397826,0.00055495,0.000123694,0.000103635,0.000113664,7.02045e-05,9.0263e-05,0.00013038,0.000117008,0.000153781,0.000254074,
0.000178592,0.000402589,0.000729503,0.00194332,0.0291831,0.936179,0.025239,0.0029059,0.00111393,0.000566046,0.000550911,0.000178592,0.000133187,9.68634e-05,8.47555e-05,7.87015e-05,9.38365e-05,0.000102917,0.000127133,0.000111998,
0.000142393,0.000163105,0.000346921,0.000652419,0.00194172,0.0227648,0.934631,0.0337989,0.00292553,0.00108219,0.000595462,0.000238185,0.000147571,0.000106147,8.80248e-05,6.9902e-05,6.9902e-05,8.54358e-05,6.9902e-05,8.02579e-05,
8.013e-05,8.19511e-05,0.000123837,0.000258601,0.000489885,0.00155707,0.0256653,0.925186,0.0416548,0.00296117,0.000990698,0.000322341,0.000207609,7.64877e-05,9.65202e-05,5.09918e-05,4.0065e-05,5.82763e-05,5.09918e-05,4.73495e-05,
2.77472e-05,4.2777e-05,6.12751e-05,9.94276e-05,0.000190762,0.000394242,0.00124863,0.0288525,0.93102,0.0345823,0.0023932,0.000548008,0.00022429,0.000102896,4.97138e-05,4.85577e-05,1.61859e-05,2.77472e-05,3.58402e-05,3.35279e-05,
1.89726e-05,1.98622e-05,1.88837e-05,2.10662e-05,2.95472e-05,5.91122e-05,0.000160499,0.000796903,0.0187821,0.965354,0.0137767,0.000683156,0.000139528,5.05185e-05,2.50517e-05,1.40263e-05,1.07881e-05,1.08059e-05,1.28342e-05,1.55624e-05,
4.96137e-05,5.4124e-05,5.2191e-05,5.54127e-05,9.02067e-05,0.00011147,0.000181058,0.000344074,0.00131122,0.0285949,0.953378,0.0141947,0.000788664,0.000273842,0.000153351,9.92274e-05,8.44077e-05,7.21654e-05,5.28354e-05,5.86344e-05,
4.48668e-05,4.68176e-05,7.60786e-05,7.02264e-05,7.41278e-05,0.000126798,0.000189221,0.000374541,0.000967563,0.00376491,0.0444494,0.925223,0.0217955,0.00163862,0.000557909,0.000259447,0.000124847,6.43742e-05,7.80293e-05,7.41278e-05,
4.14695e-05,9.67621e-05,7.74097e-05,7.18804e-05,8.84682e-05,0.00014929,0.000154819,0.000287522,0.000530809,0.00116114,0.00369631,0.0290701,0.931968,0.0293742,0.00184401,0.000671805,0.000312403,0.000196289,0.000110585,9.67621e-05,
0.000152345,9.47925e-05,6.77089e-05,8.80216e-05,0.000104949,8.46362e-05,0.000142189,0.000162501,0.000369014,0.000619537,0.00149975,0.00333466,0.0323242,0.925855,0.0314948,0.0021633,0.000751569,0.000345316,0.000203127,0.000142189,
0.000110476,8.63093e-05,8.97616e-05,0.000103571,8.97616e-05,9.66664e-05,0.000110476,0.000120833,0.000127738,0.000390118,0.000901069,0.00108059,0.00272047,0.0289688,0.928301,0.0335916,0.00198857,0.00061107,0.000310713,0.000200238,
0.000232404,0.000101208,9.74597e-05,0.00014619,9.74597e-05,0.00011995,0.00011995,0.000112453,0.000138693,0.000224907,0.000768432,0.000566016,0.00100458,0.00293129,0.0338373,0.934117,0.0222658,0.00200167,0.000682218,0.00043482,
0.000413052,0.000318848,0.000163047,0.000137684,8.69584e-05,7.24653e-05,9.42049e-05,9.05817e-05,0.000123191,0.000210149,0.000876831,0.00038769,0.00053262,0.00100727,0.00249281,0.0234244,0.945053,0.0220766,0.0017754,0.000663058,
0.000875918,0.000550385,0.000281905,0.000251701,0.0001678,0.000224853,0.000201361,0.000221497,0.000442993,0.000728254,0.0017619,0.000540317,0.000513469,0.00068127,0.00107392,0.00248345,0.0234417,0.940213,0.022992,0.00235256,
0.00229681,0.000999451,0.000578867,0.000371402,0.000336354,0.000289434,0.000306958,0.000347094,0.000370837,0.000509901,0.00102772,0.000491811,0.000457893,0.000511597,0.000654617,0.00118317,0.00268857,0.0251197,0.934639,0.026819,
0.0274615,0.00290714,0.00118005,0.000574394,0.000515782,0.000445448,0.000410281,0.000359485,0.000554857,0.000773673,0.00168801,0.000660357,0.000422004,0.00051969,0.000636913,0.000726784,0.00118395,0.00287197,0.0250467,0.931061,


0.925662,0.0337265,0.0028379,0.00109035,0.000650788,0.000522448,0.00048662,0.000493037,0.000612286,0.000882868,0.000846505,0.000524587,0.000398922,0.00035026,0.000349725,0.000349725,0.000510149,0.00100372,0.00254914,0.0261524,
0.0152558,0.963758,0.0136821,0.000959711,0.000554069,0.000340186,0.000357702,0.000196367,0.000199133,0.000228634,0.00155711,0.000173319,0.000160413,0.000165944,0.000134599,0.000171476,0.00022679,0.000323591,0.000540241,0.00101503,
0.0020871,0.0245121,0.939969,0.0240414,0.00283125,0.00109027,0.00069916,0.000411882,0.000332274,0.000211133,0.00106259,0.000242283,0.000100374,0.000176521,0.00011768,0.000159215,0.000266512,0.000308046,0.000550329,0.000830686,
0.000833536,0.00203338,0.0233315,0.94046,0.0255032,0.00292672,0.00115873,0.000579363,0.000373783,0.00025791,0.000859701,0.000134562,0.000100921,0.000149513,7.10187e-05,0.000130824,0.000168202,0.000198105,0.000228008,0.000500869,
0.000330814,0.000717278,0.00176228,0.0227581,0.939575,0.0286447,0.00270834,0.00100481,0.00050395,0.000340089,0.000615251,0.000145311,0.00010821,0.000105118,7.72929e-05,7.42012e-05,8.03846e-05,0.000105118,0.000132944,0.000210237,
0.000191797,0.000349748,0.000634623,0.00189823,0.0270406,0.93887,0.0251226,0.00275568,0.00110848,0.000550007,0.000575392,0.000191797,0.000132566,7.33343e-05,7.05137e-05,7.33343e-05,7.05137e-05,6.48726e-05,0.000107181,0.000118463,
0.000124362,0.000129543,0.000300541,0.00062699,0.00179547,0.0228385,0.933951,0.0342176,0.00312977,0.00117885,0.000694353,0.000277223,0.000170997,9.06804e-05,8.54987e-05,8.03169e-05,6.21808e-05,8.80895e-05,5.69991e-05,0.000101044,
6.3384e-05,9.23595e-05,0.000152122,0.000237237,0.000516127,0.00147775,0.0247433,0.925654,0.0421648,0.00292834,0.000927217,0.000407468,0.000193774,9.77924e-05,6.1573e-05,6.5195e-05,4.88962e-05,5.25182e-05,5.79511e-05,5.79511e-05,
3.58346e-05,4.39263e-05,5.3174e-05,8.43848e-05,0.000181485,0.000394181,0.00125652,0.0283406,0.930151,0.0359641,0.00236393,0.000611501,0.000210384,9.36324e-05,6.24216e-05,2.77429e-05,3.00549e-05,2.88989e-05,3.46787e-05,3.12108e-05,
3.36414e-05,2.96836e-05,4.3536e-05,6.62934e-05,8.90508e-05,0.000165239,0.000372034,0.00154256,0.0308432,0.922804,0.0412404,0.00195516,0.000404686,0.000168207,7.22301e-05,4.3536e-05,2.86941e-05,2.86941e-05,3.36414e-05,3.56203e-05,
9.23481e-05,7.93107e-05,9.99533e-05,0.000103523,0.000112991,0.000121682,0.000142635,0.00020596,0.000426043,0.00755206,0.985473,0.00447384,0.000333229,0.000165451,0.000118112,0.000115629,0.000109266,0.000116095,8.83128e-05,7.06192e-05,
4.69733e-05,4.56019e-05,4.86877e-05,5.65737e-05,7.61174e-05,0.000102518,0.000160121,0.000252353,0.000420703,0.000950096,0.0169265,0.966789,0.0127953,0.00056368,0.000285269,0.000177264,0.00013612,7.74889e-05,4.49161e-05,4.49161e-05,
8.57927e-05,7.0194e-05,5.45954e-05,4.93958e-05,9.09923e-05,0.00012219,0.000129989,0.00023918,0.000525155,0.0011959,0.0035773,0.0285092,0.931719,0.0303316,0.00192644,0.000642146,0.000343171,0.000192384,0.00011699,7.79934e-05,
0.000114741,0.000114741,9.78672e-05,4.72462e-05,8.43683e-05,0.000111366,0.000118116,0.000205859,0.00037122,0.00068507,0.001576,0.00338823,0.0318102,0.925672,0.0318608,0.00216995,0.000789687,0.000411717,0.000226107,0.000145113,
0.000134442,0.000110312,0.000117206,6.89448e-05,8.27338e-05,7.23921e-05,8.6181e-05,0.000117206,0.000158573,0.000313699,0.000782524,0.00101349,0.00275435,0.0287534,0.928339,0.0340139,0.00190632,0.000651529,0.00029991,0.000224071,
0.000234842,0.000150145,0.000107796,0.000107796,0.000127046,0.000103946,0.000107796,0.000153995,0.000123196,0.000246392,0.000642928,0.000558231,0.00113956,0.0029182,0.0334862,0.933336,0.0233841,0.00193648,0.000727626,0.000408086,
0.000450836,0.000207528,0.000164591,0.000121654,0.000118076,0.000103764,0.000114498,0.000143122,0.000175325,0.000182481,0.000880203,0.000411477,0.000658363,0.00106626,0.00236152,0.0233576,0.944279,0.0226634,0.00180334,0.000737081,
0.000986005,0.000544116,0.000336363,0.000247326,0.000187967,0.000250623,0.000362744,0.000458377,0.000395721,0.000676023,0.0019918,0.000791442,0.000791442,0.000791442,0.00129599,0.00272718,0.0231827,0.93622,0.025336,0.00242709,
0.00266541,0.00112075,0.000592314,0.000423911,0.000278736,0.00017421,0.000214859,0.000197438,0.000203245,0.000162596,0.00075491,0.000243894,0.000342613,0.000493595,0.000644577,0.00127754,0.00311836,0.0244707,0.936704,0.0259166,
0.027503,0.00293916,0.00112137,0.00068069,0.000428874,0.000338378,0.000440678,0.000444612,0.000601997,0.000861682,0.00194764,0.000661017,0.000582324,0.000476089,0.000562651,0.000838075,0.00120399,0.00296277,0.0255239,0.929881,


0.931445,0.0285991,0.00306054,0.00135555,0.000602468,0.000355456,0.000295209,0.000204839,0.000265086,0.000222913,0.000728986,0.000210864,0.000198814,0.000204839,0.00028316,0.000355456,0.000735011,0.00117481,0.00251832,0.0271833,
0.0270382,0.919357,0.0327834,0.00310344,0.00152428,0.00102998,0.000951153,0.000908038,0.000988172,0.00154258,0.00216318,0.00093112,0.00068375,0.000549613,0.000511288,0.000458592,0.000526531,0.000783482,0.00127212,0.00289396,
0.00226327,0.0243593,0.93848,0.0253567,0.00314443,0.00134633,0.000653039,0.000523326,0.000286264,0.000259427,0.000948249,0.000102876,0.000111822,0.000143132,0.000138659,0.000205752,0.000259427,0.000196806,0.000335465,0.000885629,
0.000708995,0.00172487,0.0228148,0.942314,0.0250829,0.0027478,0.00105467,0.000571429,0.000345679,0.000208113,0.000804233,0.000109347,0.000137566,0.000102293,7.76014e-05,0.000137566,0.000162257,0.000165785,0.000289242,0.000440917,
0.000342792,0.000685585,0.00171098,0.0215989,0.940864,0.0287588,0.0024532,0.00101645,0.000506737,0.000310004,0.000727316,0.000146059,0.000119232,0.000101347,8.94241e-05,5.06737e-05,7.75009e-05,8.34625e-05,0.000160963,0.000196733,
0.00012449,0.000199367,0.000360913,0.000858872,0.0145602,0.954403,0.0254089,0.00153981,0.00072152,0.000403328,0.000799307,0.000124643,8.66681e-05,6.33933e-05,4.99184e-05,5.12965e-05,4.9459e-05,5.00715e-05,5.34402e-05,9.15681e-05,
7.40543e-05,0.000119574,0.00016224,0.000290238,0.000725324,0.0117769,0.943494,0.0392402,0.0019053,0.000877237,0.000625724,0.000218766,0.000118487,7.41901e-05,5.27212e-05,4.2802e-05,4.19867e-05,4.02203e-05,5.48953e-05,6.54939e-05,
5.26851e-05,6.90357e-05,0.000114454,0.000259792,0.0004996,0.00150243,0.0244622,0.9251,0.0432163,0.00277051,0.00101555,0.000363346,0.000158055,0.00011082,7.08524e-05,5.63186e-05,3.08844e-05,5.81353e-05,3.27011e-05,5.63186e-05,
2.76916e-05,5.42294e-05,6.23061e-05,0.00011192,0.000149996,0.000396913,0.00124958,0.0272762,0.930283,0.0368898,0.00239763,0.000559601,0.000226148,0.000116535,5.42294e-05,4.03836e-05,2.76916e-05,2.30763e-05,1.96149e-05,3.34607e-05,
2.37694e-05,3.46637e-05,4.45676e-05,6.14043e-05,8.6164e-05,0.000171338,0.000389224,0.00152223,0.0304743,0.921995,0.0424551,0.00188174,0.000417945,0.000161434,8.22025e-05,6.53658e-05,4.35772e-05,3.26829e-05,3.07021e-05,2.67406e-05,
4.20486e-05,4.24866e-05,4.42386e-05,4.38006e-05,5.91308e-05,8.01551e-05,0.000134906,0.00029872,0.00117123,0.0204036,0.942073,0.0338688,0.00105778,0.00026806,0.000123518,7.92791e-05,4.59906e-05,5.69408e-05,5.78168e-05,4.81807e-05,
1.62535e-05,1.19384e-05,1.46713e-05,1.42398e-05,2.17193e-05,3.0781e-05,4.99113e-05,9.4213e-05,0.000250563,0.000949897,0.00977139,0.923728,0.0634118,0.001133,0.000256748,0.000106583,6.04114e-05,3.22194e-05,2.66098e-05,1.89864e-05,
3.86717e-05,3.80162e-05,3.26415e-05,3.44768e-05,3.48701e-05,4.43086e-05,6.86914e-05,0.000104479,0.000201617,0.000457375,0.0013113,0.0119029,0.937304,0.0467897,0.000937428,0.000335985,0.000151541,9.60893e-05,6.52831e-05,5.03388e-05,
0.000101137,8.42809e-05,9.77659e-05,6.74247e-05,6.74247e-05,0.00010788,0.000141592,0.000168562,0.00032701,0.000613565,0.00142603,0.00321279,0.0311671,0.925765,0.0328864,0.00227896,0.000755157,0.000333752,0.000225873,0.000171933,
0.000147885,9.62974e-05,8.9419e-05,8.9419e-05,8.9419e-05,7.91014e-05,0.000106615,0.000123811,0.000151324,0.000330162,0.000811649,0.00105239,0.00276167,0.0270458,0.928224,0.0355475,0.00193283,0.000739426,0.000357676,0.000223547,
0.000231615,0.00015441,0.000123528,0.000123528,9.65061e-05,0.000146689,0.000111947,0.000115807,0.00016213,0.000250916,0.000675543,0.000590617,0.00108087,0.00289132,0.0330282,0.932998,0.0242037,0.00199575,0.000617639,0.000401465,
0.000415978,0.00025751,0.0001862,0.000158468,0.000142621,7.9234e-05,0.000106966,0.000134698,0.000134698,0.000158468,0.000760646,0.000324859,0.000554638,0.000934961,0.00282073,0.0235048,0.942856,0.0238217,0.00191746,0.000728952,
0.000478356,0.000372577,0.000258571,0.000158668,0.000139863,0.000158668,0.000138688,0.000189227,0.000226837,0.000312636,0.00176768,0.000379629,0.000427817,0.000495986,0.000735751,0.00131871,0.0148173,0.958108,0.0183186,0.00119648,
0.00270186,0.00102808,0.000658225,0.00036986,0.000344784,0.000225677,0.000169258,0.000162989,0.000194333,0.000225677,0.000758526,0.000244483,0.000413741,0.000539117,0.000727182,0.00139167,0.00315321,0.0246991,0.934391,0.0276016,
0.0279158,0.00186684,0.000764747,0.000540705,0.000398664,0.000364436,0.000437469,0.000508306,0.000591407,0.00092619,0.00212731,0.000759805,0.000583719,0.000509405,0.000494029,0.00061923,0.000832839,0.00174256,0.018591,0.939426,


0.931545,0.0286704,0.00336269,0.00118328,0.00082709,0.000380341,0.000356192,0.000277709,0.000199226,0.000199226,0.00074257,0.000187152,0.000193189,0.000199226,0.000350155,0.000374303,0.000736533,0.00111687,0.00251146,0.0265876,
0.0268908,0.928497,0.0269207,0.00306895,0.00132115,0.000838348,0.000636247,0.000696129,0.000632504,0.00109659,0.00175903,0.000610048,0.000494027,0.000434145,0.000396718,0.000497769,0.000550166,0.00065496,0.00117893,0.00282568,
0.00242887,0.023854,0.937625,0.0267131,0.00291733,0.00116962,0.000712528,0.000282323,0.000291285,0.000259916,0.000967963,0.000138921,0.000120995,0.000174771,0.000116514,0.000112033,0.000197178,0.00030921,0.000551201,0.00105759,
0.000417031,0.000719534,0.0131455,0.955354,0.0255643,0.0012514,0.000586333,0.000419832,0.000280407,0.000200735,0.00100399,0.000105191,8.86968e-05,7.12687e-05,5.66415e-05,7.93603e-05,9.58548e-05,0.000112038,0.000175215,0.000272626,
0.000366031,0.000648738,0.00193729,0.0218904,0.939798,0.0291367,0.00261578,0.000973107,0.000532679,0.000383886,0.000616004,0.000157721,8.63e-05,0.000110107,7.14207e-05,8.03483e-05,7.14207e-05,0.000169624,0.00013689,0.000217238,
0.000212507,0.00034798,0.00059502,0.00172928,0.025121,0.940769,0.0253999,0.00257134,0.00104394,0.000525955,0.000722524,0.000175318,0.000135473,0.000100941,7.43775e-05,4.25014e-05,8.76592e-05,0.000114223,8.50028e-05,0.000146099,
0.000137219,0.000168288,0.000341754,0.000554055,0.00180197,0.0221855,0.933283,0.0357728,0.00300588,0.00116248,0.000647261,0.000282206,0.000152754,9.83837e-05,8.28494e-05,6.99042e-05,3.62466e-05,6.2137e-05,7.24932e-05,8.28494e-05,
5.82713e-05,7.28392e-05,0.000136573,0.000254937,0.000460708,0.00145314,0.0237274,0.924477,0.0443718,0.00310113,0.00104342,0.000347807,0.000154783,9.1049e-05,3.45986e-05,4.73455e-05,4.18825e-05,3.82406e-05,4.37035e-05,4.37035e-05,
3.69859e-05,5.08556e-05,5.20115e-05,0.000101711,0.000169904,0.000376794,0.00125405,0.0268737,0.929841,0.0377337,0.00237635,0.000568659,0.000216136,0.000113269,6.47254e-05,4.04534e-05,2.4272e-05,3.35185e-05,3.81417e-05,3.35185e-05,
3.46715e-05,3.16997e-05,4.45777e-05,4.25964e-05,7.82586e-05,0.000162461,0.000401199,0.00155031,0.0296382,0.92183,0.0434444,0.00187325,0.000433889,0.000172367,8.12304e-05,5.34932e-05,4.06152e-05,1.78311e-05,3.8634e-05,3.07091e-05,
5.11509e-05,3.67927e-05,4.0831e-05,4.6664e-05,6.14708e-05,8.8841e-05,0.000120698,0.000282227,0.00118589,0.0197469,0.935696,0.0407296,0.0012532,0.000251268,0.00010634,8.52515e-05,6.05734e-05,5.9676e-05,4.89074e-05,4.75614e-05,
3.22465e-05,3.83472e-05,4.27049e-05,3.22465e-05,4.6191e-05,6.97222e-05,0.000106326,0.000161233,0.000515945,0.00198447,0.0217176,0.909548,0.0633165,0.00144064,0.000466268,0.00021701,0.000127243,5.40347e-05,4.35764e-05,3.92188e-05,
8.29825e-05,8.29825e-05,5.53217e-05,8.57486e-05,9.40468e-05,0.000146602,0.000188094,0.000359591,0.000478532,0.00113133,0.00343548,0.0273787,0.931396,0.0319566,0.00185051,0.00060024,0.0003181,0.000157667,0.000107877,9.40468e-05,
0.000114207,8.76629e-05,8.38709e-05,7.18256e-05,7.91866e-05,8.83321e-05,0.000128929,0.000182241,0.000377419,0.000681674,0.00133747,0.00259152,0.0161262,0.920144,0.054287,0.00224288,0.000715802,0.000332361,0.00018291,0.000144766,
0.000113509,7.6445e-05,5.87816e-05,5.67546e-05,6.3125e-05,6.22563e-05,7.93406e-05,0.000101637,0.000176634,0.000307228,0.00052527,0.000882013,0.00202348,0.0162359,0.920545,0.056355,0.00141684,0.000495445,0.000249315,0.000175766,
0.000233039,0.000141351,0.000106969,0.000110789,0.000103148,0.000137531,0.00011843,0.00012225,0.000164273,0.000183375,0.000676194,0.000534843,0.00105441,0.00300658,0.031869,0.933962,0.0243506,0.00197892,0.000733499,0.000412593,
0.000383634,0.000285768,0.000227049,0.000137012,0.000125268,0.000148756,0.0001605,0.000125268,0.000137012,0.000180073,0.000912109,0.000352317,0.000548048,0.00105304,0.0027285,0.0233743,0.942737,0.023754,0.00181247,0.000818158,
0.00100817,0.000553218,0.000476787,0.000294807,0.00026933,0.000214736,0.000214736,0.000378518,0.000287528,0.00053866,0.00195082,0.000724279,0.000658766,0.000877142,0.00138305,0.00276973,0.023206,0.938182,0.0237483,0.00226383,
0.0027729,0.00122298,0.0006236,0.000351153,0.000357208,0.00023612,0.000205849,0.000242175,0.00023612,0.00023612,0.000805231,0.000205849,0.000399588,0.000466186,0.000647817,0.00122904,0.00307562,0.0246413,0.934383,0.0276624,
0.0279308,0.00261542,0.00101467,0.000611731,0.000476197,0.000366306,0.000468871,0.000498176,0.000516491,0.000758253,0.00197072,0.000864482,0.000479861,0.000476197,0.000567774,0.00083884,0.00128573,0.00302569,0.0241469,0.931087,


0.931839,0.0288622,0.00310695,0.00142152,0.000647781,0.000401864,0.000281905,0.000215927,0.000239919,0.000209929,0.000689767,0.000137953,0.000221925,0.000173941,0.000305897,0.00047384,0.000707761,0.000983668,0.00263311,0.0264451,
0.0267403,0.930475,0.0265162,0.00296907,0.00121377,0.000769343,0.000638629,0.000634895,0.000485508,0.000739465,0.00172915,0.000649833,0.000369733,0.000451896,0.000440692,0.00039961,0.000410814,0.000578874,0.00106438,0.00272258,
0.00245766,0.0240184,0.937888,0.026431,0.00311483,0.00127834,0.000585156,0.000382602,0.000220559,0.000198053,0.000832722,0.000139537,0.000117031,0.000121532,0.000139537,0.000202554,0.000202554,0.000292578,0.000400607,0.00097676,
0.00081817,0.00189444,0.0212079,0.942511,0.0255827,0.00273068,0.0010995,0.000609111,0.000412957,0.000412957,0.000985934,0.000175507,0.000134211,0.000165183,0.00015744,0.000152278,9.80772e-05,0.00018583,0.000276165,0.000389728,
0.000213959,0.00035258,0.000684711,0.0129109,0.952923,0.0289197,0.00136146,0.000553946,0.000346338,0.000224936,0.000847978,8.8145e-05,5.82252e-05,6.08082e-05,5.46736e-05,5.27363e-05,5.93014e-05,6.97411e-05,8.51315e-05,0.000131733,
0.000175337,0.000280539,0.000618689,0.00167572,0.0238809,0.942454,0.0254139,0.002342,0.00100694,0.000428323,0.000894219,0.000192871,0.000107707,8.26589e-05,7.01348e-05,6.51252e-05,6.763e-05,6.26204e-05,7.51445e-05,0.000105202,
0.00012405,0.000178321,0.000323046,0.00059182,0.00189951,0.0211246,0.933109,0.0369073,0.00298236,0.00108285,0.000659014,0.000276527,0.000175737,9.56216e-05,0.00010079,5.94404e-05,9.30372e-05,5.16873e-05,6.97779e-05,9.56216e-05,
7.27307e-05,9.27317e-05,0.00012546,0.000194555,0.000487296,0.00141643,0.023192,0.923991,0.0455203,0.00288195,0.00107096,0.000354562,0.000181827,0.00010546,8.00038e-05,5.27298e-05,5.4548e-05,3.27288e-05,4.54567e-05,4.7275e-05,
3.5879e-05,4.28233e-05,5.0925e-05,9.14336e-05,0.000193284,0.000398141,0.00122104,0.0260088,0.929882,0.0385479,0.00237843,0.000532398,0.000207172,0.000130785,8.79614e-05,4.62955e-05,3.70364e-05,3.00921e-05,3.35642e-05,4.39807e-05,
3.56933e-05,3.27189e-05,3.86678e-05,7.03952e-05,6.84122e-05,0.000165577,0.000375771,0.00154869,0.0285765,0.921733,0.0446841,0.00182631,0.000415431,0.000165577,8.92333e-05,5.45315e-05,3.47018e-05,3.56933e-05,1.88381e-05,2.97444e-05,
5.04894e-05,6.31118e-05,6.39007e-05,7.17896e-05,7.77064e-05,8.95398e-05,0.000122279,0.000265069,0.00101965,0.0171427,0.938117,0.0411481,0.00107527,0.000274536,9.70343e-05,7.2973e-05,7.33674e-05,6.98174e-05,5.7195e-05,4.81227e-05,
4.17286e-05,3.99529e-05,2.75231e-05,3.55137e-05,5.77098e-05,7.19153e-05,0.000104765,0.000219297,0.000521164,0.00200475,0.0212869,0.910443,0.0630093,0.00136639,0.000367567,0.000164251,0.00010299,6.74761e-05,3.46259e-05,3.28502e-05,
6.36354e-05,9.1303e-05,6.08686e-05,0.00010237,0.00011067,0.000116204,0.000163239,0.000320944,0.00051185,0.00115097,0.00348888,0.0264059,0.931459,0.032645,0.00191736,0.000628054,0.00029881,0.000199206,0.000157705,0.000107904,
0.000109115,9.30686e-05,0.000105906,0.000105906,9.94872e-05,9.30686e-05,0.000112324,0.000198974,0.000279206,0.000770223,0.00153403,0.00303917,0.0286972,0.923514,0.0378276,0.00202825,0.000715666,0.000362647,0.000189347,0.000125161,
0.000126798,0.000109663,8.91015e-05,8.91015e-05,8.22475e-05,8.22475e-05,0.000123371,0.000157641,0.000202192,0.000318709,0.000753936,0.00108635,0.00290265,0.026189,0.928517,0.0360073,0.00182658,0.000767644,0.00036326,0.000205619,
0.000232222,0.000189648,0.000143204,8.90186e-05,0.000127722,0.000131593,0.0001045,0.000127722,0.000181908,0.000247704,0.000661834,0.000526371,0.00103726,0.00306534,0.0317564,0.933453,0.0248865,0.00189261,0.000673445,0.000472186,
0.000555048,0.000281605,0.000175493,0.000151006,0.000114275,0.000130599,8.57059e-05,8.97871e-05,0.000138762,0.000195899,0.000967252,0.000412205,0.000599941,0.00106112,0.00259566,0.0227202,0.942614,0.0245976,0.00186104,0.000652997,
0.00088354,0.000538466,0.000401954,0.000291985,0.000326113,0.000295777,0.000371618,0.00037541,0.000424706,0.000686355,0.00210457,0.000671187,0.000652227,0.000701523,0.00131204,0.00285539,0.0234877,0.931209,0.0299076,0.00250273,
0.000627058,0.000406823,0.000346412,0.000221765,0.000133059,0.000113941,9.78823e-05,7.87647e-05,9.48235e-05,9.94117e-05,0.00169765,9.25294e-05,0.000185823,0.000248529,0.000305117,0.000432059,0.000684411,0.0126903,0.968311,0.0131331,
0.0276157,0.00298548,0.00109468,0.000738078,0.000497581,0.000402211,0.000431236,0.000476848,0.000630269,0.000961989,0.0021313,0.000945403,0.000580511,0.000543192,0.00052246,0.000808568,0.00140152,0.00300207,0.0239253,0.930306,


0.931502,0.0296223,0.00322309,0.00136153,0.000638593,0.000457859,0.000343394,0.000253027,0.000192783,0.000228929,0.000716911,0.000168685,0.000180734,0.000150611,0.000240978,0.000397614,0.000620519,0.00121694,0.00254232,0.0259413,
0.02686,0.927339,0.0275224,0.00300168,0.00148759,0.000908454,0.000783542,0.000605636,0.00058671,0.00092738,0.00215379,0.000605636,0.000427731,0.000469368,0.000408804,0.000416375,0.000537502,0.000632133,0.0012037,0.00312281,
0.00164264,0.0173151,0.940016,0.0331683,0.00240204,0.00103336,0.000536952,0.000334225,0.000247655,0.000172044,0.000927064,0.000139169,0.000108486,0.00012054,0.000134786,0.000142457,0.000184098,0.000283818,0.000458053,0.000633384,
0.000798159,0.00170652,0.0207755,0.944459,0.0254743,0.00246127,0.000981836,0.000470881,0.000327279,0.000247129,0.000888328,0.000136923,0.000126904,9.68478e-05,0.000110206,0.000110206,0.000143602,0.0001603,0.000190356,0.000333958,
0.000388443,0.000600322,0.00155106,0.0202262,0.942768,0.0285682,0.00228448,0.000950736,0.000516114,0.00032325,0.000730708,0.000152118,0.000105939,0.000105939,8.14916e-05,9.50736e-05,0.000103223,0.000135819,0.000152118,0.000160267,
0.000140018,0.000254577,0.000633897,0.00166239,0.0239455,0.942295,0.0253584,0.00235739,0.00107177,0.000509155,0.000840105,0.000213845,0.000134926,0.000104377,9.16478e-05,6.87359e-05,7.12816e-05,5.85528e-05,8.91021e-05,9.92851e-05,
0.000123559,0.000168948,0.000284943,0.000569885,0.00174748,0.0215018,0.932312,0.0376477,0.00312933,0.000973344,0.000648055,0.00026477,0.000128602,4.53891e-05,7.06053e-05,7.31269e-05,5.54756e-05,7.06053e-05,7.56485e-05,0.00010843,
7.45178e-05,9.08754e-05,0.00011632,0.000248999,0.000438019,0.00150308,0.0230424,0.922392,0.0470589,0.0031043,0.00105415,0.000325334,0.000159941,8.90579e-05,6.54303e-05,4.90727e-05,3.81677e-05,3.99852e-05,5.08902e-05,5.81602e-05,
3.57949e-05,4.15683e-05,6.46618e-05,6.92805e-05,0.000190522,0.000383352,0.00121125,0.0248671,0.929775,0.0398502,0.00238671,0.000575029,0.000221698,0.00010623,7.27446e-05,3.57949e-05,2.30935e-05,2.77122e-05,3.11762e-05,3.11762e-05,
3.96807e-05,2.67845e-05,2.38084e-05,5.7537e-05,7.83694e-05,0.000148803,0.000397799,0.00146719,0.028079,0.921021,0.0459869,0.00183226,0.000410695,0.000170627,9.22576e-05,5.35689e-05,2.57924e-05,3.86887e-05,2.38084e-05,2.57924e-05,
6.93736e-05,5.3588e-05,6.9789e-05,7.39431e-05,7.60202e-05,8.84825e-05,0.000130439,0.000270017,0.00103105,0.0170568,0.937646,0.0418074,0.000913488,0.000245923,0.0001267,9.55445e-05,6.93736e-05,6.31424e-05,5.94037e-05,5.40034e-05,
3.92217e-05,6.78836e-05,4.82728e-05,5.58154e-05,5.88325e-05,6.33581e-05,0.000178006,0.000322824,0.000760297,0.00310153,0.032471,0.918012,0.0420185,0.00164429,0.000529492,0.000230804,0.000150853,0.000116156,7.09007e-05,6.0341e-05,
0.000110877,7.48422e-05,4.71229e-05,6.65264e-05,0.000108105,0.000110877,0.000155228,0.000238386,0.000451825,0.00125291,0.00363401,0.0268268,0.929873,0.0337206,0.00188491,0.000734562,0.000285509,0.000169088,0.000144141,0.000110877,
0.000103625,9.41322e-05,8.38489e-05,6.24911e-05,7.35655e-05,0.000102043,0.000139221,0.000166116,0.00030771,0.000541854,0.00112642,0.00288171,0.0201649,0.91576,0.0536419,0.00312535,0.000825041,0.000401842,0.00023098,0.000167698,
0.000113787,0.000110339,6.89619e-05,0.000103443,8.62024e-05,0.000113787,9.99948e-05,0.000168957,0.000186197,0.000331017,0.000686171,0.00110684,0.00268607,0.02614,0.927269,0.0376084,0.00185508,0.000682723,0.000324121,0.000258607,
0.000235748,0.00020483,0.000108212,0.000112077,0.000108212,0.000115942,0.000100483,0.000112077,0.000189371,0.000255071,0.00062222,0.000560384,0.00101642,0.00300675,0.0315516,0.933546,0.0251245,0.00194782,0.000672461,0.00040966,
0.000430993,0.000280355,0.000150638,0.000154823,0.000129716,0.000112979,0.00010461,0.000146454,0.000150638,0.000179929,0.00102518,0.000430993,0.000539787,0.00104192,0.00271149,0.0230518,0.940799,0.0257884,0.00195411,0.000815958,
0.000904958,0.000559048,0.000373863,0.000342417,0.000230607,0.000241089,0.000272536,0.000450732,0.000426274,0.000593988,0.00166317,0.000796643,0.000625435,0.000775679,0.00114255,0.0028197,0.0231026,0.933928,0.0283472,0.0024039,
0.00269603,0.00118724,0.000686376,0.000389565,0.00025971,0.000253526,0.000179323,0.000228792,0.000160773,0.000222608,0.000871883,0.000247343,0.000321545,0.000469951,0.000686376,0.00136657,0.00289391,0.0238809,0.934219,0.0287783,
0.0273434,0.00250046,0.00111675,0.000590334,0.00041737,0.000323368,0.000376009,0.000533933,0.00043241,0.000921222,0.00219213,0.000770819,0.000669296,0.000526413,0.00040233,0.000740738,0.00115435,0.00260198,0.0231471,0.93324,


0.972218,0.0108861,0.000448446,0.000369119,0.000298134,0.000193048,0.000140066,0.000108306,9.73291e-05,8.25468e-05,0.00164581,6.79108e-05,8.62057e-05,8.67912e-05,0.000121771,0.000195097,0.000288621,0.00033209,0.000444933,0.0118897,
0.0266984,0.928653,0.0279115,0.00303849,0.00130786,0.000857416,0.000561074,0.000648001,0.000565025,0.000786294,0.00173064,0.00061244,0.000410928,0.000363513,0.00038722,0.000399074,0.00048205,0.000723074,0.00107473,0.00278957,
0.00238296,0.0242821,0.934232,0.0289676,0.00343871,0.00133225,0.000668637,0.000452461,0.000276504,0.000251367,0.000784266,0.000251367,0.000125684,0.000110602,0.000155848,0.000206121,0.000291586,0.000301641,0.000422297,0.0010658,
0.000394378,0.000845654,0.0137207,0.954532,0.0255577,0.00153582,0.000582446,0.000370924,0.000223684,0.000168523,0.00113536,8.29584e-05,6.21102e-05,7.03626e-05,6.16758e-05,5.99385e-05,0.000103807,0.000112493,0.000162442,0.000217168,
0.000339632,0.000632702,0.00156669,0.0197315,0.942747,0.0289673,0.00242673,0.000972334,0.000506709,0.000273897,0.000783345,0.000112298,8.7647e-05,8.7647e-05,9.03859e-05,0.000134209,9.03859e-05,0.00010682,0.000142426,0.000199945,
0.000188265,0.000326986,0.000606906,0.00169934,0.0233547,0.942468,0.0254826,0.0024846,0.000978481,0.00046323,0.000834805,0.000225422,0.000138721,6.93607e-05,9.90867e-05,8.42237e-05,0.000111473,9.41323e-05,0.000133767,0.000156062,
0.000121831,0.000207373,0.000287729,0.000609157,0.00176785,0.0213646,0.931375,0.0385532,0.00303542,0.00108352,0.000632486,0.00019182,0.000152937,0.000121831,7.77647e-05,6.48039e-05,8.03569e-05,8.81334e-05,8.03569e-05,0.000103686,
6.89847e-05,9.25847e-05,0.000134339,0.000208769,0.0004956,0.00145231,0.0223474,0.92253,0.0478735,0.00282474,0.00104385,0.000328585,0.000172462,0.000112554,7.08001e-05,6.17231e-05,4.90154e-05,3.99385e-05,4.35693e-05,4.90154e-05,
4.04318e-05,4.27422e-05,5.77597e-05,9.01051e-05,0.000161727,0.000374283,0.00129151,0.0247639,0.929081,0.0405045,0.00246749,0.000586838,0.000217176,0.000113209,5.66045e-05,3.69662e-05,3.23454e-05,2.54143e-05,2.19487e-05,3.35006e-05,
3.36864e-05,5.05296e-05,4.35941e-05,5.44927e-05,9.7096e-05,0.000172395,0.000400273,0.00154858,0.0274653,0.92037,0.0469222,0.00193499,0.000453775,0.000192211,8.12436e-05,4.55757e-05,3.86403e-05,3.36864e-05,2.17971e-05,3.9631e-05,
5.23043e-05,5.16206e-05,6.42693e-05,6.0167e-05,7.00809e-05,9.6404e-05,0.000117599,0.000263231,0.000902505,0.0138962,0.941487,0.0411724,0.00104096,0.000236224,0.000126829,9.60621e-05,7.55506e-05,6.05089e-05,7.52088e-05,5.46973e-05,
4.4242e-05,4.4242e-05,4.2978e-05,3.66577e-05,4.67701e-05,7.20513e-05,0.00012767,0.000278093,0.000669951,0.00247629,0.0271899,0.906197,0.0604751,0.00134622,0.00044242,0.00020857,0.000111237,7.71075e-05,6.06748e-05,5.30904e-05,
7.7511e-05,8.02793e-05,6.09015e-05,7.7511e-05,8.02793e-05,0.000102425,0.000149486,0.000235301,0.000537041,0.00113775,0.00356551,0.0264645,0.929471,0.0346391,0.00191563,0.000661612,0.000343263,0.000196546,0.000119035,8.58158e-05,
0.000151363,0.000119158,9.01736e-05,9.01736e-05,0.000148142,0.00019967,0.000167465,0.000190009,0.000357474,0.000753594,0.00151685,0.00318184,0.0278572,0.921246,0.0404075,0.00201925,0.000679523,0.00033171,0.000276962,0.000215773,
0.00017519,0.000130534,7.55723e-05,7.90074e-05,8.58776e-05,8.58776e-05,9.27478e-05,0.000151145,0.000233587,0.000312594,0.000810685,0.00101336,0.00270343,0.0258045,0.927052,0.0380129,0.00197175,0.000642364,0.000340075,0.000226717,
0.000216322,0.000189282,0.000158379,0.000104298,6.95322e-05,0.000115887,0.000104298,0.000100435,0.00011975,0.000185419,0.000656693,0.000645104,0.00104685,0.00268471,0.0303624,0.933813,0.026399,0.00198939,0.000741676,0.000297443,
0.000489067,0.000351125,0.000305144,0.000200643,0.000108682,0.000133762,0.000142122,9.61414e-05,0.000183923,0.000196463,0.000961414,0.000296784,0.000555948,0.00107846,0.00288006,0.0232119,0.939849,0.0262968,0.00188103,0.000781671,
0.000977953,0.000517079,0.000352213,0.000266033,0.000277274,0.000176106,0.000224817,0.000262286,0.000340972,0.000580777,0.00175732,0.000734401,0.000633234,0.000801847,0.00118403,0.00290014,0.0233172,0.930618,0.0314931,0.00258539,
0.00299106,0.00127422,0.000610284,0.000502981,0.000288376,0.000248137,0.00026155,0.000228018,0.000228018,0.000154248,0.000905366,0.000295082,0.000348734,0.000536513,0.000737705,0.00132116,0.00329285,0.0243912,0.930857,0.0305276,
0.0277357,0.00233317,0.000909754,0.000528127,0.000343644,0.000291193,0.000287576,0.000325558,0.000392478,0.000549831,0.00187196,0.000694524,0.00045759,0.000446738,0.000511849,0.000763252,0.000978482,0.00204016,0.020483,0.938055,


0.932153,0.0303451,0.00318343,0.0013204,0.000705418,0.000434104,0.000313519,0.000253227,0.000192935,0.000217052,0.000741594,0.000186906,0.000192935,0.000180877,0.000277344,0.000428074,0.000651155,0.00107923,0.00273726,0.0244063,
0.026327,0.926725,0.0294724,0.00308609,0.001524,0.000812798,0.000575732,0.000630765,0.000711198,0.000833965,0.00160443,0.000630765,0.000554565,0.000402166,0.000351366,0.000431799,0.000495299,0.000601132,0.0011684,0.00306069,
0.00220641,0.0204741,0.934911,0.0329792,0.00324159,0.00130939,0.000684454,0.000337976,0.000244448,0.000206186,0.000648318,0.00015092,0.000159423,0.000108407,9.35279e-05,0.000176428,0.000246573,0.000246573,0.000542037,0.00103306,
0.000852586,0.00174224,0.0198813,0.943615,0.02677,0.00252069,0.000917457,0.000648707,0.000333621,0.000228592,0.00101013,0.000114296,0.000126652,0.000126652,0.00013283,0.000123563,0.000126652,0.000169899,0.000244037,0.000315086,
0.000302412,0.000665306,0.0016053,0.0198559,0.942945,0.0289534,0.00235629,0.000950077,0.000418336,0.000299892,0.000730828,0.000143646,9.82838e-05,0.000103324,7.30828e-05,5.29221e-05,8.06431e-05,8.06431e-05,0.000128525,0.000156246,
0.000179587,0.000306496,0.000529184,0.00155882,0.0220845,0.944345,0.025432,0.00247352,0.00097935,0.000438193,0.000768634,0.000146064,0.000107752,0.000105358,4.54955e-05,6.46515e-05,0.000107752,6.94405e-05,0.000107752,0.000150853,
8.37472e-05,0.000149935,0.000236383,0.00049573,0.00148584,0.018319,0.935123,0.0390762,0.00267991,0.000933376,0.000574074,0.000267451,0.000139128,5.6732e-05,6.07843e-05,7.15904e-05,4.59259e-05,5.40305e-05,7.96949e-05,6.75381e-05,
7.26103e-05,8.16866e-05,0.000101654,0.000228722,0.000501011,0.00154841,0.021411,0.922194,0.0490065,0.00290441,0.000994761,0.000366682,0.000177895,0.000108915,6.53493e-05,5.26425e-05,4.35662e-05,4.17509e-05,3.99357e-05,5.80882e-05,
2.99976e-05,4.61502e-05,5.19189e-05,8.65315e-05,0.000140758,0.000404968,0.00123336,0.0236958,0.929285,0.0415432,0.00239519,0.000542264,0.000221521,8.99928e-05,6.23027e-05,3.34589e-05,3.57664e-05,2.88438e-05,3.11514e-05,4.15351e-05,
4.19629e-05,4.54598e-05,6.11959e-05,9.2668e-05,0.000125889,0.000245658,0.000456346,0.0016077,0.0254601,0.918664,0.0498886,0.00211213,0.000533278,0.000276256,0.000129386,7.86804e-05,4.72082e-05,4.37113e-05,4.45856e-05,4.54598e-05,
5.38259e-05,5.98065e-05,6.0471e-05,6.87775e-05,9.50259e-05,0.000109978,0.000132903,0.000273116,0.000858556,0.0133511,0.941432,0.0417483,0.000946272,0.00025152,0.000166461,9.96775e-05,7.47581e-05,8.27323e-05,7.0771e-05,6.37936e-05,
4.89111e-05,7.51135e-05,6.11389e-05,8.55945e-05,9.08349e-05,0.000144987,0.000230581,0.000420985,0.00110399,0.00344649,0.035347,0.924586,0.0309101,0.00202981,0.000658553,0.000316175,0.000174683,0.000101316,0.000106556,6.11389e-05,
7.73639e-05,5.80229e-05,5.24969e-05,7.73639e-05,7.46009e-05,0.00011052,0.000157491,0.000218277,0.000541547,0.00126269,0.0036361,0.0253615,0.929358,0.0357394,0.00187884,0.000660356,0.000317745,0.000187884,0.000151965,7.73639e-05,
0.000111798,7.79199e-05,5.08173e-05,6.43686e-05,0.000101635,0.000105022,0.000169391,0.000176167,0.000328619,0.000579317,0.00140595,0.00326586,0.0281223,0.925031,0.0368256,0.00223596,0.000653849,0.000321843,0.000206657,0.000166003,
0.000151116,0.000103034,0.00012364,9.95992e-05,7.89925e-05,0.000120206,0.000106468,0.000103034,0.000202633,0.000388093,0.000759015,0.00100973,0.00268231,0.0250681,0.926877,0.03872,0.00215684,0.000697194,0.000367487,0.000185461,
0.000196896,0.00016601,0.000138985,0.000123543,0.000127403,9.65176e-05,9.26569e-05,0.000115821,0.000154428,0.000243224,0.000714231,0.000513474,0.00109258,0.00279901,0.0292448,0.934488,0.0267045,0.00191105,0.000725813,0.000351324,
0.000723061,0.000421272,0.000320301,0.00025467,0.000212599,0.000181747,0.000178942,0.000185113,0.000256914,0.000389859,0.00121613,0.000577215,0.000871151,0.0013631,0.00250239,0.0188237,0.920626,0.0462181,0.00341898,0.00125877,
0.000935064,0.000526739,0.000277661,0.000347076,0.00016333,0.000195996,0.000167413,0.000261328,0.000273578,0.000375659,0.00122089,0.000510406,0.000555322,0.00081665,0.00116781,0.00277661,0.022413,0.92829,0.0364267,0.00229887,
0.00284642,0.00124867,0.000704892,0.000429648,0.00028867,0.000261817,0.000181258,0.000201398,0.00026853,0.00028867,0.000859297,0.000261817,0.000409509,0.000510207,0.000698179,0.00126881,0.00333649,0.024443,0.929397,0.0320961,
0.0276129,0.00293551,0.00108343,0.000527075,0.00044655,0.000344063,0.000402627,0.000395306,0.000560017,0.000651523,0.0021632,0.000695446,0.000560017,0.000530735,0.000508774,0.000677145,0.00112735,0.00267564,0.0218956,0.934207,


0.930579,0.0317413,0.00344516,0.00134313,0.00074083,0.000469795,0.000325242,0.000313196,0.000210805,0.000126483,0.0006806,0.000132506,0.00024092,0.000234897,0.000337288,0.000415588,0.000596278,0.00118051,0.00263808,0.0242486,
0.0229363,0.919564,0.0390525,0.00428696,0.00182701,0.00116655,0.000747717,0.000602738,0.000584616,0.000577232,0.0013565,0.000410103,0.000361106,0.000343655,0.000363791,0.000421514,0.000569178,0.000822892,0.00134911,0.00265661,
0.00251034,0.0240502,0.93376,0.0299247,0.00322612,0.0012884,0.000772019,0.00043458,0.000214734,0.000240297,0.000700441,0.00013293,0.000127818,0.000107367,0.000143156,0.000199396,0.00024541,0.00043458,0.00054706,0.000940739,
0.000753854,0.00165601,0.0198041,0.94516,0.0258102,0.00245929,0.000991751,0.000481972,0.000293509,0.000182284,0.000815646,0.000188464,0.000210091,0.000117404,8.34183e-05,0.000101956,0.000117404,0.000237897,0.000194643,0.000339852,
0.000358073,0.000585705,0.0015704,0.0192285,0.943611,0.0289655,0.00225074,0.000877278,0.000480841,0.000340169,0.000693127,0.000130441,0.000102306,0.000138114,8.18452e-05,5.88262e-05,7.92875e-05,0.000115095,0.000115095,0.000217401,
0.000152777,0.000314676,0.0005313,0.00152321,0.0216351,0.945096,0.0251923,0.00224149,0.0010398,0.000462892,0.000914383,0.000159618,0.000127694,8.66498e-05,8.66498e-05,7.0688e-05,7.9809e-05,6.38472e-05,0.000102612,0.000118573,
0.000315011,0.000359208,0.00042123,0.000678858,0.0012843,0.0153689,0.925923,0.0392276,0.00617983,0.00390067,0.00318722,0.00113978,0.000482191,0.000269953,0.000191167,0.000166915,0.000174668,0.00020548,0.000249677,0.000274392,
0.000239646,0.000225761,0.000255748,0.000376492,0.000667329,0.0015421,0.0138114,0.88083,0.080404,0.0117968,0.00588681,0.00189526,0.000672599,0.000312586,0.00017917,0.000150438,0.000145712,0.000178083,0.000205268,0.000224632,
4.15573e-05,4.50204e-05,5.77185e-05,0.000123518,0.00017431,0.00041211,0.00123979,0.0230412,0.928628,0.0427221,0.00235607,0.000581802,0.000206632,9.6967e-05,6.5799e-05,5.3101e-05,3.92486e-05,3.57854e-05,4.15573e-05,3.80942e-05,
2.13421e-05,3.31989e-05,3.55702e-05,3.8732e-05,8.14162e-05,0.000127262,0.000325665,0.00128606,0.0212947,0.910134,0.0641702,0.00168919,0.000382577,0.000160461,7.66735e-05,3.95224e-05,2.84562e-05,2.2923e-05,2.84562e-05,2.37135e-05,
7.87829e-05,7.45854e-05,6.16702e-05,7.10338e-05,9.00837e-05,0.000108165,0.000147556,0.00023538,0.000807525,0.0124383,0.94254,0.0415434,0.00096057,0.000319652,0.000144328,9.58956e-05,9.71871e-05,5.58584e-05,6.42533e-05,6.61905e-05,
9.29618e-05,6.87662e-05,8.27742e-05,0.000105696,0.00011461,0.0001439,0.000289073,0.000494098,0.00126581,0.00371974,0.0316439,0.915519,0.0418239,0.00289455,0.000800999,0.000352745,0.000224127,0.000145173,0.000120978,9.67821e-05,
9.39561e-05,8.84293e-05,4.14512e-05,8.01391e-05,5.80317e-05,9.9483e-05,0.000185149,0.000290159,0.000538866,0.00105839,0.00336308,0.0249371,0.92935,0.0365185,0.00186807,0.000654929,0.000350954,0.000190676,0.000151988,8.01391e-05,
0.000111003,8.74567e-05,8.4093e-05,7.06381e-05,6.05469e-05,0.000107639,0.000141276,0.000211914,0.000326281,0.000753473,0.00162131,0.00345118,0.0275926,0.92475,0.0368731,0.00222005,0.000746746,0.000393555,0.00023546,0.000161459,
0.00011007,9.9751e-05,0.000116949,7.56731e-05,6.53541e-05,8.94319e-05,8.94319e-05,0.000116949,0.000230459,0.000347409,0.000767051,0.00105254,0.00275519,0.0245869,0.926105,0.0402684,0.00179552,0.000712015,0.000392124,0.00022358,
0.000247165,0.000150616,0.000150616,9.6549e-05,0.000108135,8.8825e-05,0.000127445,0.000108135,0.00017765,0.000223994,0.000699014,0.000567708,0.00103887,0.00306253,0.0292119,0.934072,0.0267595,0.00193098,0.000795563,0.000382334,
0.000467274,0.000372962,0.000171477,0.00018005,0.000137181,0.00011146,0.000115747,8.57383e-05,0.000210059,0.000145755,0.000904539,0.000420118,0.000655898,0.00115318,0.00278221,0.0229821,0.939182,0.027029,0.00208773,0.00080594,
0.00154898,0.000790655,0.000508488,0.00033331,0.000282755,0.000253362,0.000264531,0.000315086,0.000362702,0.000485562,0.00149019,0.000603132,0.000640754,0.000948786,0.00145492,0.00276465,0.0196888,0.926162,0.0373824,0.00371872,
0.00367268,0.00142175,0.000742518,0.000509927,0.000398267,0.000368034,0.000351104,0.000431725,0.000478082,0.000578455,0.00165958,0.000648595,0.000618765,0.000707045,0.0008441,0.00129517,0.0023634,0.0187718,0.930323,0.0338164,
0.0284888,0.00248591,0.00108601,0.000624184,0.000389664,0.000393272,0.00037884,0.000382448,0.00039688,0.000616968,0.00204934,0.000743248,0.000458216,0.000454608,0.000555632,0.000562848,0.00104993,0.00248591,0.0224165,0.933981,


0.865387,0.0551096,0.00568651,0.00230911,0.00140487,0.00125159,0.00148175,0.00182581,0.00217973,0.00347444,0.00496415,0.00263489,0.00182535,0.00143393,0.00123987,0.00112174,0.00129752,0.00210848,0.005079,0.0381851,
0.0264993,0.92556,0.029961,0.00327337,0.00137353,0.000778763,0.000663232,0.000607606,0.000577654,0.00100982,0.0019084,0.000714579,0.000449286,0.000389381,0.000282409,0.000338034,0.000556259,0.000706021,0.00113819,0.00321347,
0.00297253,0.0245648,0.924826,0.027825,0.00361561,0.00180384,0.00137963,0.00120342,0.00119736,0.00170036,0.00263876,0.000965438,0.000686668,0.000549614,0.000483185,0.000467802,0.000474794,0.000596698,0.000782933,0.00126588,
0.00104515,0.00214153,0.0203307,0.935988,0.0255871,0.00341501,0.00184069,0.00140142,0.00110541,0.00118969,0.00211478,0.000665986,0.000447321,0.000349832,0.00030278,0.000288116,0.000300201,0.000371425,0.000471814,0.000642621,
0.000739814,0.00111819,0.00226806,0.0204185,0.929381,0.0289143,0.00421128,0.00271854,0.00203299,0.0017371,0.00238004,0.000871098,0.000518944,0.00037109,0.000307543,0.000293522,0.000312277,0.000378738,0.000455214,0.000571749,
0.000440118,0.000565521,0.000791246,0.00148658,0.0172708,0.938787,0.0254283,0.00410619,0.003042,0.00227121,0.00261353,0.000869846,0.000434241,0.000294881,0.000228454,0.000200015,0.000227719,0.000259621,0.000308943,0.000373691,
0.000125596,0.000177312,0.000307834,0.000541788,0.00171895,0.019694,0.932683,0.0392254,0.00290349,0.00100477,0.000721563,0.000258581,0.000115746,0.000108358,7.88055e-05,5.91041e-05,5.91041e-05,6.89548e-05,4.43281e-05,0.000103432,
8.05533e-05,8.95037e-05,0.000103824,0.000204068,0.00048153,0.00152156,0.0207523,0.920333,0.0516078,0.00282832,0.00104719,0.000358015,0.000196908,0.000109195,7.69732e-05,5.54923e-05,4.29618e-05,3.58015e-05,2.86412e-05,4.65419e-05,
0.000190323,0.000170477,0.000159141,0.000191938,0.000317849,0.000725408,0.00216898,0.0149921,0.816921,0.13388,0.0227875,0.00477526,0.00121281,0.000468134,0.000227591,0.000154554,0.000140478,0.000155102,0.000180256,0.000181438,
5.45801e-05,4.51195e-05,3.52704e-05,3.0749e-05,4.02243e-05,8.40833e-05,0.000231812,0.000936568,0.00600215,0.7238,0.259776,0.00733881,0.00100344,0.000259974,9.73986e-05,5.0982e-05,4.61747e-05,5.11066e-05,5.72036e-05,5.78925e-05,
8.04152e-05,8.06519e-05,7.65939e-05,9.30286e-05,0.000113724,0.000133777,0.000157246,0.000240569,0.000524356,0.00415048,0.949393,0.0423464,0.00150368,0.000394467,0.000193226,0.000134115,0.000111459,0.000101787,8.87678e-05,8.2647e-05,
8.83528e-05,0.000105206,9.85669e-05,9.80562e-05,0.000134317,0.000157809,0.000263015,0.000452489,0.00106279,0.00282167,0.0224196,0.900582,0.0634189,0.00551209,0.00137738,0.00058323,0.000324301,0.000225223,0.000149638,0.000125635,
0.00011951,0.00011951,0.000123896,0.00010745,0.000161174,0.000164464,0.000253822,0.000351952,0.000674301,0.00142151,0.00398166,0.0211511,0.915664,0.0480486,0.00487141,0.00143577,0.000617287,0.000344825,0.000217092,0.000171042,
0.000150857,0.00012956,0.000101163,0.000115361,0.000115361,0.00016683,0.000188128,0.000236047,0.00037803,0.000843025,0.00159554,0.00369334,0.0244211,0.914262,0.0475679,0.00391874,0.00113232,0.000473869,0.000328336,0.000182803,
0.000192488,0.000154678,0.000122597,0.000110375,0.000108466,0.000120305,0.000135964,0.000165372,0.000281476,0.00045334,0.000928068,0.00112514,0.00248631,0.015747,0.899005,0.0739143,0.0031856,0.00105257,0.000446847,0.000264289,
0.000372084,0.000245767,0.000182609,0.000161099,0.000153776,0.000161557,0.000154234,0.000203204,0.000302518,0.000377576,0.0010325,0.000916708,0.00148467,0.00278902,0.0181177,0.916725,0.0512047,0.00353914,0.0012174,0.000658583,
0.000426677,0.000363798,0.000229058,0.000166179,0.000152705,0.000116775,0.000125757,0.000125757,0.000112283,0.000152705,0.000821914,0.000449133,0.000574891,0.00117673,0.00269031,0.022816,0.937701,0.0285828,0.00230405,0.000911741,
0.00110903,0.000661232,0.000351541,0.000309691,0.000200881,0.000213436,0.000255286,0.000330616,0.000451981,0.000715637,0.00197951,0.000753302,0.000790967,0.000795152,0.00138105,0.00308854,0.0232352,0.926302,0.034518,0.00255704,
0.00277274,0.00127817,0.000743907,0.000405767,0.000311088,0.000209646,0.000229935,0.000182595,0.00016907,0.000189358,0.000791246,0.000223172,0.000371953,0.000493684,0.000764195,0.00123083,0.00352341,0.0242649,0.930337,0.0315078,
0.0279125,0.0026188,0.00104858,0.00053298,0.000408866,0.000348582,0.000281916,0.000334043,0.000365604,0.000493973,0.00173866,0.000403192,0.000346455,0.000368086,0.000421278,0.000562413,0.000796101,0.00169717,0.0171639,0.942157,


